uniprot_id,sequence
P29597,MPLRHWGMARGSKPVGDGAQPMAAMGGLKVLLHWAGPGGGEPWVTFSESSLTAEEVCIHIAHKVGITPPCFNLFALFDAQAQVWLPPNHILEIPRDASLMLYFRIRFYFRNWHGMNPREPAVYRCGPPGTEASSDQTAQGMQLLDPASFEYLFEQGKHEFVNDVASLWELSTEEEIHHFKNESLGMAFLHLCHLALRHGIPLEEVAKKTSFKDCIPRSFRRHIRQHSALTRLRLRNVFRRFLRDFQPGRLSQQMVMVKYLATLERLAPRFGTERVPVCHLRLLAQAEGEPCYIRDSGVAPTDPGPESAAGPPTHEVLVTGTGGIQWWPVEEEVNKEEGSSGSSGRNPQASLFGKKAKAHKAVGQPADRPREPLWAYFCDFRDITHVVLKEHCVSIHRQDNKCLELSLPSRAAALSFVSLVDGYFRLTADSSHYLCHEVAPPRLVMSIRDGIHGPLLEPFVQAKLRPEDGLYLIHWSTSHPYRLILTVAQRSQAPDGMQSLRLRKFPIEQQDGAFVLEGWGRSFPSVRELGAALQGCLLRAGDDCFSLRRCCLPQPGETSNLIIMRGARASPRTLNLSQLSFHRVDQKEITQLSHLGQGTRTNVYEGRLRVEGSGDPEEGKMDDEDPLVPGRDRGQELRVVLKVLDPSHHDIALAFYETASLMSQVSHTHLAFVHGVCVRGPENIMVTEYVEHGPLDVWLRRERGHVPMAWKMVVAQQLASALSYLENKNLVHGNVCGRNILLARLGLAEGTSPFIKLSDPGVGLGALSREERVERIPWLAPECLPGGANSLSTAMDKWGFGATLLEICFDGEAPLQSRSPSEKEHFYQRQHRLPEPSCPQLATLTSQCLTYEPTQRPSFRTILRDLTRLQPHNLADVLTVNPDSPASDPTVFHKRYLKKIRDLGEGHFGKVSLYCYDPTNDGTGEMVAVKALKADCGPQHRSGWKQEIDILRTLYHEHIIKYKGCCEDQGEKSLQLVMEYVPLGSLRDYLPRHSIGLAQLLLFAQQICEGMAYLHAQHYIHRDLAARNVLLDNDRLVKIGDFGLAKAVPEGHEYYRVREDGDSPVFWYAPECLKEYKFYYASDVWSFGVTLYELLTHCDSSQSPPTKFLELIGIAQGQMTVLRLTELLERGERLPRPDKCPCEVYHLMKNCWETEASFRPTFENLIPILKTVHEKYQGQAPSVFSVC
Q13555,MATTATCTRFTDDYQLFEELGKGAFSVVRRCVKKTSTQEYAAKIINTKKLSARDHQKLEREARICRLLKHPNIVRLHDSISEEGFHYLVFDLVTGGELFEDIVAREYYSEADASHCIHQILESVNHIHQHDIVHRDLKPENLLLASKCKGAAVKLADFGLAIEVQGEQQAWFGFAGTPGYLSPEVLRKDPYGKPVDIWACGVILYILLVGYPPFWDEDQHKLYQQIKAGAYDFPSPEWDTVTPEAKNLINQMLTINPAKRITADQALKHPWVCQRSTVASMMHRQETVECLRKFNARRKLKGAILTTMLVSRNFSAAKSLLNKKSDGGVKKRKSSSSVHLMPQSNNKNSLVSPAQEPAPLQTAMEPQTTVVHNATDGIKGSTESCNTTTEDEDLKGRVPEGRSSRDRTAPSAGMQPQPSLCSSAMRKQEIIKITEQLIEAINNGDFEAYTKICDPGLTSFEPEALGNLVEGMDFHKFYFENLLSKNSKPIHTTILNPHVHVIGEDAACIAYIRLTQYIDGQGRPRTSQSEETRVWHRRDGKWLNVHYHCSGAPAAPLQ
Q99986,MPRVKAAQAGRQSSAKRHLAEQFAVGEIITDMAKKEWKVGLPIGQGGFGCIYLADMNSSESVGSDAPCVVKVEPSDNGPLFTELKFYQRAAKPEQIQKWIRTRKLKYLGVPKYWGSGLHDKNGKSYRFMIMDRFGSDLQKIYEANAKRFSRKTVLQLSLRILDILEYIHEHEYVHGDIKASNLLLNYKNPDQVYLVDYGLAYRYCPEGVHKEYKEDPKRCHDGTIEFTSIDAHNGVAPSRRGDLEILGYCMIQWLTGHLPWEDNLKDPKYVRDSKIRYRENIASLMDKCFPEKNKPGEIAKYMETVKLLDYTEKPLYENLRDILLQGLKAIGSKDDGKLDLSVVENGGLKAKTITKKRKKEIEESKEPGVEDTEWSNTQTEEAIQTRSRTRKRVQK
Q13882,MVSRDQAHLGPKYVGLWDFKSRTDEELSFRAGDVFHVARKEEQWWWATLLDEAGGAVAQGYVPHNYLAERETVESEPWFFGCISRSEAVRRLQAEGNATGAFLIRVSEKPSADYVLSVRDTQAVRHYKIWRRAGGRLHLNEAVSFLSLPELVNYHRAQSLSHGLRLAAPCRKHEPEPLPHWDDWERPREEFTLCRKLGSGYFGEVFEGLWKDRVQVAIKVISRDNLLHQQMLQSEIQAMKKLRHKHILALYAVVSVGDPVYIITELMAKGSLLELLRDSDEKVLPVSELLDIAWQVAEGMCYLESQNYIHRDLAARNILVGENTLCKVGDFGLARLIKEDVYLSHDHNIPYKWTAPEALSRGHYSTKSDVWSFGILLHEMFSRGQVPYPGMSNHEAFLRVDAGYRMPCPLECPPSVHKLMLTCWCRDPEQRPCFKALRERLSSFTSYENPT
Q9BX84,MKEQPVLERLQSQKSWIKGVFDKRECSTIIPSSKNPHRCTPVCQVCQNLIRCYCGRLIGDHAGIDYSWTISAAKGKESEQWSVEKHTTKSPTDTFGTINFQDGEHTHHAKYIRTSYDTKLDHLLHLMLKEWKMELPKLVISVHGGIQNFTMPSKFKEIFSQGLVKAAETTGAWIITEGINTGVSKHVGDALKSHSSHSLRKIWTVGIPPWGVIENQRDLIGKDVVCLYQTLDNPLSKLTTLNSMHSHFILSDDGTVGKYGNEMKLRRNLEKYLSLQKIHCRSRQGVPVVGLVVEGGPNVILSVWETVKDKDPVVVCEGTGRAADLLAFTHKHLADEGMLRPQVKEEIICMIQNTFNFSLKQSKHLFQILMECMVHRDCITIFDADSEEQQDLDLAILTALLKGTNLSASEQLNLAMAWDRVDIAKKHILIYEQHWKPDALEQAMSDALVMDRVDFVKLLIEYGVNLHRFLTIPRLEELYNTKQGPTNTLLHHLVQDVKQHTLLSGYRITLIDIGLVVEYLIGRAYRSNYTRKHFRALYNNLYRKYKHQRHSSGNRNESAESTLHSQFIRTAQPYKFKEKSIVLHKSRKKSKEQNVSDDPESTGFLYPYNDLLVWAVLMKRQKMAMFFWQHGEEATVKAVIACILYRAMAHEAKESHMVDDASEELKNYSKQFGQLALDLLEKAFKQNERMAMTLLTYELRNWSNSTCLKLAVSGGLRPFVSHTCTQMLLTDMWMGRLKMRKNSWLKIIISIILPPTILTLEFKSKAEMSHVPQSQDFQFMWYYSDQNASSSKESASVKEYDLERGHDEKLDENQHFGLESGHQHLPWTRKVYEFYSAPIVKFWFYTMAYLAFLMLFTYTVLVEMQPQPSVQEWLVSIYIFTNAIEVVREICISEPGKFTQKVKVWISEYWNLTETVAIGLFSAGFVLRWGDPPFHTAGRLIYCIDIIFWFSRLLDFFAVNQHAGPYVTMIAKMTANMFYIVIIMAIVLLSFGVARKAILSPKEPPSWSLARDIVFEPYWMIYGEVYAGEIDVCSSQPSCPPGSFLTPFLQAVYLFVQYIIMVNLLIAFFNNVYLDMESISNNLWKYNRYRYIMTYHEKPWLPPPLILLSHVGLLLRRLCCHRAPHDQEEGDVGLKLYLSKEDLKKLHDFEEQCVEKYFHEKMEDVNCSCEERIRVTSERVTEMYFQLKEMNEKVSFIKDSLLSLDSQVGHLQDLSALTVDTLKVLSAVDTLQEDEALLAKRKHSTCKKLPHSWSNVICAEVLGSMEIAGEKKYQYYSMPSSLLRSLAGGRHPPRVQRGALLEITNSKREATNVRNDQERQETQSSIVVSGVSPNRQAHSKYGQFLLVPSNLKRVPFSAETVLPLSRPSVPDVLATEQDIQTEVLVHLTGQTPVVSDWASVDEPKEKHEPIAHLLDGQDKAEQVLPTLSCTPEPMTMSSPLSQAKIMQTGGGYVNWAFSEGDETGVFSIKKKWQTCLPSTCDSDSSRSEQHQKQAQDSSLSDNSTRSAQSSECSEVGPWLQPNTSFWINPLRRYRPFARSHSFRFHKEEKLMKICKIKNLSGSSEIGQGAWVKAKMLTKDRRLSKKKKNTQGLQVPIITVNACSQSDQLNPEPGENSISEEEYSKNWFTVSKFSHTGVEPYIHQKMKTKEIGQCAIQISDYLKQSQEDLSKNSLWNSRSTNLNRNSLLKSSIGVDKISASLKSPQEPHHHYSAIERNNLMRLSQTIPFTPVQLFAGEEITVYRLEESSPLNLDKSMSSWSQRGRAAMIQVLSREEMDGGLRKAMRVVSTWSEDDILKPGQVFIVKSFLPEVVRTWHKIFQESTVLHLCLREIQQQRAAQKLIYTFNQVKPQTIPYTPRFLEVFLIYCHSANQWLTIEKYMTGEFRKYNNNNGDEITPTNTLEELMLAFSHWTYEYTRGELLVLDLQGVGENLTDPSVIKPEVKQSRGMVFGPANLGEDAIRNFIAKHHCNSCCRKLKLPDLKRNDYSPERINSTFGLEIKIESAEEPPARETGRNSPEDDMQL
Q05397,MAAAYLDPNLNHTPNSSTKTHLGTGMERSPGAMERVLKVFHYFESNSEPTTWASIIRHGDATDVRGIIQKIVDSHKVKHVACYGFRLSHLRSEEVHWLHVDMGVSSVREKYELAHPPEEWKYELRIRYLPKGFLNQFTEDKPTLNFFYQQVKSDYMLEIADQVDQEIALKLGCLEIRRSYWEMRGNALEKKSNYEVLEKDVGLKRFFPKSLLDSVKAKTLRKLIQQTFRQFANLNREESILKFFEILSPVYRFDKECFKCALGSSWIISVELAIGPEEGISYLTDKGCNPTHLADFTQVQTIQYSNSEDKDRKGMLQLKIAGAPEPLTVTAPSLTIAENMADLIDGYCRLVNGTSQSFIIRPQKEGERALPSIPKLANSEKQGMRTHAVSVSETDDYAEIIDEEDTYTMPSTRDYEIQRERIELGRCIGEGQFGDVHQGIYMSPENPALAVAIKTCKNCTSDSVREKFLQEALTMRQFDHPHIVKLIGVITENPVWIIMELCTLGELRSFLQVRKYSLDLASLILYAYQLSTALAYLESKRFVHRDIAARNVLVSSNDCVKLGDFGLSRYMEDSTYYKASKGKLPIKWMAPESINFRRFTSASDVWMFGVCMWEILMHGVKPFQGVKNNDVIGRIENGERLPMPPNCPPTLYSLMTKCWAYDPSRRPRFTELKAQLSTILEEEKAQQEERMRMESRRQATVSWDSGGSDEAPPKPSRPGYPSPRSSEGFYPSPQHMVQTNHYQVSGYPGSHGITAMAGSIYPGQASLLDQTDSWNHRPQEIAMWQPNVEDSTVLDLRGIGQVLPTHLMEERLIRQQQEMEEDQRWLEKEERFLKPDVRLSRGSIDREDGSLQGPIGNQHIYQPVGKPDPAAPPKKPPRPGAPGHLGSLASLSSPADSYNEGVKLQPQEISPPPTANLDRSNDKVYENVTGLVKAVIEMSSKIQPAPPEEYVPMVKEVGLALRTLLATVDETIPLLPASTHREIEMAQKLLNSDLGELINKMKLAQQYVMTSLQQEYKKQMLTAAHALAVDAKNLLDVIDQARLKMLGQTRPH
O00311,MEASLGIQMDEPMAFSPQRDRFQAEGSLKKNEQNFKLAGVKKDIEKLYEAVPQLSNVFKIEDKIGEGTFSSVYLATAQLQVGPEEKIALKHLIPTSHPIRIAAELQCLTVAGGQDNVMGVKYCFRKNDHVVIAMPYLEHESFLDILNSLSFQEVREYMLNLFKALKRIHQFGIVHRDVKPSNFLYNRRLKKYALVDFGLAQGTHDTKIELLKFVQSEAQQERCSQNKSHIITGNKIPLSGPVPKELDQQSTTKASVKRPYTNAQIQIKQGKDGKEGSVGLSVQRSVFGERNFNIHSSISHESPAVKLMKQSKTVDVLSRKLATKKKAISTKVMNSAVMRKTASSCPASLTCDCYATDKVCSICLSRRQQVAPRAGTPGFRAPEVLTKCPNQTTAIDMWSAGVIFLSLLSGRYPFYKASDDLTALAQIMTIRGSRETIQAAKTFGKSILCSKEVPAQDLRKLCERLRGMDSSTPKLTSDIQGHASHQPAISEKTDHKASCLVQTPPGQYSGNSFKKGDSNSCEHCFDEYNTNLEGWNEVPDEAYDLLDKLLDLNPASRITAEEALLHPFFKDMSL
Q15831,MEVVDPQQLGMFTEGELMSVGMDTFIHRIDSTEVIYQPRRKRAKLIGKYLMGDLLGEGSYGKVKEVLDSETLCRRAVKILKKKKLRRIPNGEANVKKEIQLLRRLRHKNVIQLVDVLYNEEKQKMYMVMEYCVCGMQEMLDSVPEKRFPVCQAHGYFCQLIDGLEYLHSQGIVHKDIKPGNLLLTTGGTLKISDLGVAEALHPFAADDTCRTSQGSPAFQPPEIANGLDTFSGFKVDIWSAGVTLYNITTGLYPFEGDNIYKLFENIGKGSYAIPGDCGPPLSDLLKGMLEYEPAKRFSIRQIRQHSWFRKKHPPAEAPVPIPPSPDTKDRWRSMTVVPYLEDLHGADEDEDLFDIEDDIIYTQDFTVPGQVPEEEASHNGQRRGLPKAVCMNGTEAAQLSTKSRAEGRAPNPARKACSASSKIRRLSACKQQ
P33981,MESEDLSGRELTIDSIMNKVRDIKNKFKNEDLTDELSLNKISADTTDNSGTVNQIMMMANNPEDWLSLLLKLEKNSVPLSDALLNKLIGRYSQAIEALPPDKYGQNESFARIQVRFAELKAIQEPDDARDYFQMARANCKKFAFVHISFAQFELSQGNVKKSKQLLQKAVERGAVPLEMLEIALRNLNLQKKQLLSEEEKKNLSASTVLTAQESFSGSLGHLQNRNNSCDSRGQTTKARFLYGENMPPQDAEIGYRNSLRQTNKTKQSCPFGRVPVNLLNSPDCDVKTDDSVVPCFMKRQTSRSECRDLVVPGSKPSGNDSCELRNLKSVQNSHFKEPLVSDEKSSELIITDSITLKNKTESSLLAKLEETKEYQEPEVPESNQKQWQSKRKSECINQNPAASSNHWQIPELARKVNTEQKHTTFEQPVFSVSKQSPPISTSKWFDPKSICKTPSSNTLDDYMSCFRTPVVKNDFPPACQLSTPYGQPACFQQQQHQILATPLQNLQVLASSSANECISVKGRIYSILKQIGSGGSSKVFQVLNEKKQIYAIKYVNLEEADNQTLDSYRNEIAYLNKLQQHSDKIIRLYDYEITDQYIYMVMECGNIDLNSWLKKKKSIDPWERKSYWKNMLEAVHTIHQHGIVHSDLKPANFLIVDGMLKLIDFGIANQMQPDTTSVVKDSQVGTVNYMPPEAIKDMSSSRENGKSKSKISPKSDVWSLGCILYYMTYGKTPFQQIINQISKLHAIIDPNHEIEFPDIPEKDLQDVLKCCLKRDPKQRISIPELLAHPYVQIQTHPVNQMAKGTTEEMKYVLGQLVGLNSPNSILKAAKTLYEHYSGGESHNSSSSKTFEKKRGKK
P15056,MAALSGGGGGGAEPGQALFNGDMEPEAGAGAGAAASSAADPAIPEEVWNIKQMIKLTQEHIEALLDKFGGEHNPPSIYLEAYEEYTSKLDALQQREQQLLESLGNGTDFSVSSSASMDTVTSSSSSSLSVLPSSLSVFQNPTDVARSNPKSPQKPIVRVFLPNKQRTVVPARCGVTVRDSLKKALMMRGLIPECCAVYRIQDGEKKPIGWDTDISWLTGEELHVEVLENVPLTTHNFVRKTFFTLAFCDFCRKLLFQGFRCQTCGYKFHQRCSTEVPLMCVNYDQLDLLFVSKFFEHHPIPQEEASLAETALTSGSSPSAPASDSIGPQILTSPSPSKSIPIPQPFRPADEDHRNQFGQRDRSSSAPNVHINTIEPVNIDDLIRDQGFRGDGGSTTGLSATPPASLPGSLTNVKALQKSPGPQRERKSSSSSEDRNRMKTLGRRDSSDDWEIPDGQITVGQRIGSGSFGTVYKGKWHGDVAVKMLNVTAPTPQQLQAFKNEVGVLRKTRHVNILLFMGYSTKPQLAIVTQWCEGSSLYHHLHIIETKFEMIKLIDIARQTAQGMDYLHAKSIIHRDLKSNNIFLHEDLTVKIGDFGLATVKSRWSGSHQFEQLSGSILWMAPEVIRMQDKNPYSFQSDVYAFGIVLYELMTGQLPYSNINNRDQIIFMVGRGYLSPDLSKVRSNCPKAMKRLMAECLKKKRDERPLFPQILASIELLARSLPKIHRSASEPSLNRAGFQTEDFSLYACASPKTPIQAGGYGAFPVH
Q8IXL6,MKMMLVRRFRVLILMVFLVACALHIALDLLPRLERRGARPSGEPGCSCAQPAAEVAAPGWAQVRGRPGEPPAASSAAGDAGWPNKHTLRILQDFSSDPSSNLSSHSLEKLPPAAEPAERALRGRDPGALRPHDPAHRPLLRDPGPRRSESPPGPGGDASLLARLFEHPLYRVAVPPLTEEDVLFNVNSDTRLSPKAAENPDWPHAGAEGAEFLSPGEAAVDSYPNWLKFHIGINRYELYSRHNPAIEALLHDLSSQRITSVAMKSGGTQLKLIMTFQNYGQALFKPMKQTREQETPPDFFYFSDYERHNAEIAAFHLDRILDFRRVPPVAGRMVNMTKEIRDVTRDKKLWRTFFISPANNICFYGECSYYCSTEHALCGKPDQIEGSLAAFLPDLSLAKRKTWRNPWRRSYHKRKKAEWEVDPDYCEEVKQTPPYDSSHRILDVMDMTIFDFLMGNMDRHHYETFEKFGNETFIIHLDNGRGFGKYSHDELSILVPLQQCCRIRKSTYLRLQLLAKEEYKLSLLMAESLRGDQVAPVLYQPHLEALDRRLRVVLKAVRDCVERNGLHSVVDDDLDTEHRAASAR
P00540,MPSPLALRPYLRSEFSPSVDARPCSSPSELPAKLLLGATLPRAPRLPRRLAWCSIDWEQVCLLQRLGAGGFGSVYKATYRGVPVAIKQVNKCTKNRLASRRSFWAELNVARLRHDNIVRVVAASTRTPAGSNSLGTIIMEFGGNVTLHQVIYGAAGHPEGDAGEPHCRTGGQLSLGKCLKYSLDVVNGLLFLHSQSIVHLDLKPANILISEQDVCKISDFGCSEKLEDLLCFQTPSYPLGGTYTHRAPELLKGEGVTPKADIYSFAITLWQMTTKQAPYSGERQHILYAVVAYDLRPSLSAAVFEDSLPGQRLGDVIQRCWRPSAAQRPSARLLLVDLTSLKAELG
Q15118,MRLARLLRGAALAGPGPGLRAAGFSRSFSSDSGSSPASERGVPGQVDFYARFSPSPLSMKQFLDFGSVNACEKTSFMFLRQELPVRLANIMKEISLLPDNLLRTPSVQLVQSWYIQSLQELLDFKDKSAEDAKAIYDFTDTVIRIRNRHNDVIPTMAQGVIEYKESFGVDPVTSQNVQYFLDRFYMSRISIRMLLNQHSLLFGGKGKGSPSHRKHIGSINPNCNVLEVIKDGYENARRLCDLYYINSPELELEELNAKSPGQPIQVVYVPSHLYHMVFELFKNAMRATMEHHANRGVYPPIQVHVTLGNEDLTVKMSDRGGGVPLRKIDRLFNYMYSTAPRPRVETSRAVPLAGFGYGLPISRLYAQYFQGDLKLYSLEGYGTDAVIYIKALSTDSIERLPVYNKAAWKHYNTNHEADDWCVPSREPKDMTTFRSA
Q08345,MGPEALSSLLLLLLVASGDADMKGHFDPAKCRYALGMQDRTIPDSDISASSSWSDSTAARHSRLESSDGDGAWCPAGSVFPKEEEYLQVDLQRLHLVALVGTQGRHAGGLGKEFSRSYRLRYSRDGRRWMGWKDRWGQEVISGNEDPEGVVLKDLGPPMVARLVRFYPRADRVMSVCLRVELYGCLWRDGLLSYTAPVGQTMYLSEAVYLNDSTYDGHTVGGLQYGGLGQLADGVVGLDDFRKSQELRVWPGYDYVGWSNHSFSSGYVEMEFEFDRLRAFQAMQVHCNNMHTLGARLPGGVECRFRRGPAMAWEGEPMRHNLGGNLGDPRARAVSVPLGGRVARFLQCRFLFAGPWLLFSEISFISDVVNNSSPALGGTFPPAPWWPPGPPPTNFSSLELEPRGQQPVAKAEGSPTAILIGCLVAIILLLLLIIALMLWRLHWRRLLSKAERRVLEEELTVHLSVPGDTILINNRPGPREPPPYQEPRPRGNPPHSAPCVPNGSALLLSNPAYRLLLATYARPPRGPGPPTPAWAKPTNTQAYSGDYMEPEKPGAPLLPPPPQNSVPHYAEADIVTLQGVTGGNTYAVPALPPGAVGDGPPRVDFPRSRLRFKEKLGEGQFGEVHLCEVDSPQDLVSLDFPLNVRKGHPLLVAVKILRPDATKNARNDFLKEVKIMSRLKDPNIIRLLGVCVQDDPLCMITDYMENGDLNQFLSAHQLEDKAAEGAPGDGQAAQGPTISYPMLLHVAAQIASGMRYLATLNFVHRDLATRNCLVGENFTIKIADFGMSRNLYAGDYYRVQGRAVLPIRWMAWECILMGKFTTASDVWAFGVTLWEVLMLCRAQPFGQLTDEQVIENAGEFFRDQGRQVYLSRPPACPQGLYELMLRCWSRESEQRPPFSQLHRFLAEDALNTV
O60674,MGMACLTMTEMEGTSTSSIYQNGDISGNANSMKQIDPVLQVYLYHSLGKSEADYLTFPSGEYVAEEICIAASKACGITPVYHNMFALMSETERIWYPPNHVFHIDESTRHNVLYRIRFYFPRWYCSGSNRAYRHGISRGAEAPLLDDFVMSYLFAQWRHDFVHGWIKVPVTHETQEECLGMAVLDMMRIAKENDQTPLAIYNSISYKTFLPKCIRAKIQDYHILTRKRIRYRFRRFIQQFSQCKATARNLKLKYLINLETLQSAFYTEKFEVKEPGSGPSGEEIFATIIITGNGGIQWSRGKHKESETLTEQDLQLYCDFPNIIDVSIKQANQEGSNESRVVTIHKQDGKNLEIELSSLREALSFVSLIDGYYRLTADAHHYLCKEVAPPAVLENIQSNCHGPISMDFAISKLKKAGNQTGLYVLRCSPKDFNKYFLTFAVERENVIEYKHCLITKNENEEYNLSGTKKNFSSLKDLLNCYQMETVRSDNIIFQFTKCCPPKPKDKSNLLVFRTNGVSDVPTSPTLQRPTHMNQMVFHKIRNEDLIFNESLGQGTFTKIFKGVRREVGDYGQLHETEVLLKVLDKAHRNYSESFFEAASMMSKLSHKHLVLNYGVCVCGDENILVQEFVKFGSLDTYLKKNKNCINILWKLEVAKQLAWAMHFLEENTLIHGNVCAKNILLIREEDRKTGNPPFIKLSDPGISITVLPKDILQERIPWVPPECIENPKNLNLATDKWSFGTTLWEICSGGDKPLSALDSQRKLQFYEDRHQLPAPKWAELANLINNCMDYEPDFRPSFRAIIRDLNSLFTPDYELLTENDMLPNMRIGALGFSGAFEDRDPTQFEERHLKFLQQLGKGNFGSVEMCRYDPLQDNTGEVVAVKKLQHSTEEHLRDFEREIEILKSLQHDNIVKYKGVCYSAGRRNLKLIMEYLPYGSLRDYLQKHKERIDHIKLLQYTSQICKGMEYLGTKRYIHRDLATRNILVENENRVKIGDFGLTKVLPQDKEYYKVKEPGESPIFWYAPESLTESKFSVASDVWSFGVVLYELFTYIEKSKSPPAEFMRMIGNDKQGQMIVFHLIELLKNNGRLPRPDGCPDEIYMIMTECWNNNVNQRPSFRDLALRVDQIRDNMAG
Q9BXM7,MAVRQALGRGLQLGRALLLRFTGKPGRAYGLGRPGPAAGCVRGERPGWAAGPGAEPRRVGLGLPNRLRFFRQSVAGLAARLQRQFVVRAWGCAGPCGRAVFLAFGLGLGLIEEKQAESRRAVSACQEIQAIFTQKSKPGPDPLDTRRLQGFRLEEYLIGQSIGKGCSAAVYEATMPTLPQNLEVTKSTGLLPGRGPGTSAPGEGQERAPGAPAFPLAIKMMWNISAGSSSEAILNTMSQELVPASRVALAGEYGAVTYRKSKRGPKQLAPHPNIIRVLRAFTSSVPLLPGALVDYPDVLPSRLHPEGLGHGRTLFLVMKNYPCTLRQYLCVNTPSPRLAAMMLLQLLEGVDHLVQQGIAHRDLKSDNILVELDPDGCPWLVIADFGCCLADESIGLQLPFSSWYVDRGGNGCLMAPEVSTARPGPRAVIDYSKADAWAVGAIAYEIFGLVNPFYGQGKAHLESRSYQEAQLPALPESVPPDVRQLVRALLQREASKRPSARVAANVLHLSLWGEHILALKNLKLDKMVGWLLQQSAATLLANRLTEKCCVETKMKMLFLANLECETLCQAALLLCSWRAAL
Q9UEW8,MAEPSGSPVHVQLPQQAAPVTAAAAAAPAAATAAPAPAAPAAPAPAPAPAAQAVGWPICRDAYELQEVIGSGATAVVQAALCKPRQERVAIKRINLEKCQTSMDELLKEIQAMSQCSHPNVVTYYTSFVVKDELWLVMKLLSGGSMLDIIKYIVNRGEHKNGVLEEAIIATILKEVLEGLDYLHRNGQIHRDLKAGNILLGEDGSVQIADFGVSAFLATGGDVTRNKVRKTFVGTPCWMAPEVMEQVRGYDFKADMWSFGITAIELATGAAPYHKYPPMKVLMLTLQNDPPTLETGVEDKEMMKKYGKSFRKLLSLCLQKDPSKRPTAAELLKCKFFQKAKNREYLIEKLLTRTPDIAQRAKKVRRVPGSSGHLHKTEDGDWEWSDDEMDEKSEEGKAAFSQEKSRRVKEENPEIAVSASTIPEQIQSLSVHDSQGPPNANEDYREASSCAVNLVLRLRNSRKELNDIRFEFTPGRDTADGVSQELFSAGLVDGHDVVIVAANLQKIVDDPKALKTLTFKLASGCDGSEIPDEVKLIGFAQLSVS
Q8N5S9,MEGGPAVCCQDPRAELVERVAAIDVTHLEEADGGPEPTRNGVDPPPRARAASVIPGSTSRLLPARPSLSARKLSLQERPAGSYLEAQAGPYATGPASHISPRAWRRPTIESHHVAISDAEDCVQLNQYKLQSEIGKGAYGVVRLAYNESEDRHYAMKVLSKKKLLKQYGFPRRPPPRGSQAAQGGPAKQLLPLERVYQEIAILKKLDHVNVVKLIEVLDDPAEDNLYLVFDLLRKGPVMEVPCDKPFSEEQARLYLRDVILGLEYLHCQKIVHRDIKPSNLLLGDDGHVKIADFGVSNQFEGNDAQLSSTAGTPAFMAPEAISDSGQSFSGKALDVWATGVTLYCFVYGKCPFIDDFILALHRKIKNEPVVFPEEPEISEELKDLILKMLDKNPETRIGVPDIKLHPWVTKNGEEPLPSEEEHCSVVEVTEEEVKNSVRLIPSWTTVILVKSMLRKRSFGNPFEPQARREERSMSAPGNLLVKEGFGEGGKSPELPGVQEDEAAS
Q02763,MDSLASLVLCGVSLLLSGTVEGAMDLILINSLPLVSDAETSLTCIASGWRPHEPITIGRDFEALMNQHQDPLEVTQDVTREWAKKVVWKREKASKINGAYFCEGRVRGEAIRIRTMKMRQQASFLPATLTMTVDKGDNVNISFKKVLIKEEDAVIYKNGSFIHSVPRHEVPDILEVHLPHAQPQDAGVYSARYIGGNLFTSAFTRLIVRRCEAQKWGPECNHLCTACMNNGVCHEDTGECICPPGFMGRTCEKACELHTFGRTCKERCSGQEGCKSYVFCLPDPYGCSCATGWKGLQCNEACHPGFYGPDCKLRCSCNNGEMCDRFQGCLCSPGWQGLQCEREGIQRMTPKIVDLPDHIEVNSGKFNPICKASGWPLPTNEEMTLVKPDGTVLHPKDFNHTDHFSVAIFTIHRILPPDSGVWVCSVNTVAGMVEKPFNISVKVLPKPLNAPNVIDTGHNFAVINISSEPYFGDGPIKSKKLLYKPVNHYEAWQHIQVTNEIVTLNYLEPRTEYELCVQLVRRGEGGEGHPGPVRRFTTASIGLPPPRGLNLLPKSQTTLNLTWQPIFPSSEDDFYVEVERRSVQKSDQQNIKVPGNLTSVLLNNLHPREQYVVRARVNTKAQGEWSEDLTAWTLSDILPPQPENIKISNITHSSAVISWTILDGYSISSITIRYKVQGKNEDQHVDVKIKNATITQYQLKGLEPETAYQVDIFAENNIGSSNPAFSHELVTLPESQAPADLGGGKMLLIAILGSAGMTCLTVLLAFLIILQLKRANVQRRMAQAFQNVREEPAVQFNSGTLALNRKVKNNPDPTIYPVLDWNDIKFQDVIGEGNFGQVLKARIKKDGLRMDAAIKRMKEYASKDDHRDFAGELEVLCKLGHHPNIINLLGACEHRGYLYLAIEYAPHGNLLDFLRKSRVLETDPAFAIANSTASTLSSQQLLHFAADVARGMDYLSQKQFIHRDLAARNILVGENYVAKIADFGLSRGQEVYVKKTMGRLPVRWMAIESLNYSVYTTNSDVWSYGVLLWEIVSLGGTPYCGMTCAELYEKLPQGYRLEKPLNCDDEVYDLMRQCWREKPYERPSFAQILVSLNRMLEERKTYVNTTLYEKFTYAGIDCSAEEAA
P09769,MGCVFCKKLEPVATAKEDAGLEGDFRSYGAADHYGPDPTKARPASSFAHIPNYSNFSSQAINPGFLDSGTIRGVSGIGVTLFIALYDYEARTEDDLTFTKGEKFHILNNTEGDWWEARSLSSGKTGCIPSNYVAPVDSIQAEEWYFGKIGRKDAERQLLSPGNPQGAFLIRESETTKGAYSLSIRDWDQTRGDHVKHYKIRKLDMGGYYITTRVQFNSVQELVQHYMEVNDGLCNLLIAPCTIMKPQTLGLAKDAWEISRSSITLERRLGTGCFGDVWLGTWNGSTKVAVKTLKPGTMSPKAFLEEAQVMKLLRHDKLVQLYAVVSEEPIYIVTEFMCHGSLLDFLKNPEGQDLRLPQLVDMAAQVAEGMAYMERMNYIHRDLRAANILVGERLACKIADFGLARLIKDDEYNPCQGSKFPIKWTAPEAALFGRFTIKSDVWSFGILLTELITKGRIPYPGMNKREVLEQVEQGYHMPCPPGCPASLYEAMEQTWRLDPEERPTFEYLQSFLEDYFTSAEPQYQPGDQT
Q5TCY1,MQCLAAALKDETNMSGGGEQADILPANYVVKDRWKVLKKIGGGGFGEIYEAMDLLTRENVALKVESAQQPKQVLKMEVAVLKKLQGKDHVCRFIGCGRNEKFNYVVMQLQGRNLADLRRSQPRGTFTLSTTLRLGKQILESIEAIHSVGFLHRDIKPSNFAMGRLPSTYRKCYMLDFGLARQYTNTTGDVRPPRNVAGFRGTVRYASVNAHKNREMGRHDDLWSLFYMLVEFAVGQLPWRKIKDKEQVGMIKEKYEHRMLLKHMPSEFHLFLDHIASLDYFTKPDYQLIMSVFENSMKERGIAENEAFDWEKAGTDALLSTSTSTPPQQNTRQTAAMFGVVNVTPVPGDLLRENTEDVLQGEHLSDQENAPPILPGRPSEGLGPSPHLVPHPGGPEAEVWEETDVNRNKLRINIGKSPCVEEEQSRGMGVPSSPVRAPPDSPTTPVRSLRYRRVNSPESERLSTADGRVELPERRSRMDLPGSPSRQACSSQPAQMLSVDTGHADRQASGRMDVSASVEQEALSNAFRSVPLAEEEDFDSKEWVIIDKETELKDFPPGAEPSTSGTTDEEPEELRPLPEEGEERRRLGAEPTVRPRGRSMQALAEEDLQHLPPQPLPPQLSQGDGRSETSQPPTPGSPSHSPLHSGPRPRRRESDPTGPQRQVFSVAPPFEVNGLPRAVPLSLPYQDFKRDLSDYRERARLLNRVRRVGFSHMLLTTPQVPLAPVQPQANGKEEEEEEEEDEEEEEEDEEEEEEEEEEEEEEEEEEEEEEEAAAAVALGEVLGPRSGSSSEGSERSTDRSQEGAPSTLLADDQKESRGRASMADGDLEPEEGSKTLVLVSPGDMKKSPVTAELAPDPDLGTLAALTPQHERPQPTGSQLDVSEPGTLSSVLKSEPKPPGPGAGLGAGTVTTGVGGVAVTSSPFTKVERTFVHIAEKTHLNVMSSGGQALRSEEFSAGGELGLELASDGGAVEEGARAPLENGLALSGLNGAEIEGSALSGAPRETPSEMATNSLPNGPALADGPAPVSPLEPSPEKVATISPRRHAMPGSRPRSRIPVLLSEEDTGSEPSGSLSAKERWSKRARPQQDLARLVMEKRQGRLLLRLASGASSSSSEEQRRASETLSGTGSEEDTPASEPAAALPRKSGRAAATRSRIPRPIGLRMPMPVAAQQPASRSHGAAPALDTAITSRLQLQTPPGSATAADLRPKQPPGRGLGPGRAQAGARPPAPRSPRLPASTSAARNASASPRSQSLSRRESPSPSHQARPGVPPPRGVPPARAQPDGTPSPGGSKKGPRGKLQAQRATTKGRAGGAEGRAGAR
O43683,MDTPENVLQMLEAHMQSYKGNDPLGEWERYIQWVEENFPENKEYLITLLEHLMKEFLDKKKYHNDPRFISYCLKFAEYNSDLHQFFEFLYNHGIGTLSSPLYIAWAGHLEAQGELQHASAVLQRGIQNQAEPREFLQQQYRLFQTRLTETHLPAQARTSEPLHNVQVLNQMITSKSNPGNNMACISKNQGSELSGVISSACDKESNMERRVITISKSEYSVHSSLASKVDVEQVVMYCKEKLIRGESEFSFEELRAQKYNQRRKHEQWVNEDRHYMKRKEANAFEEQLLKQKMDELHKKLHQVVETSHEDLPASQERSEVNPARMGPSVGSQQELRAPCLPVTYQQTPVNMEKNPREAPPVVPPLANAISAALVSPATSQSIAPPVPLKAQTVTDSMFAVASKDAGCVNKSTHEFKPQSGAEIKEGCETHKVANTSSFHTTPNTSLGMVQATPSKVQPSPTVHTKEALGFIMNMFQAPTLPDISDDKDEWQSLDQNEDAFEAQFQKNVRSSGAWGVNKIISSLSSAFHVFEDGNKENYGLPQPKNKPTGARTFGERSVSRLPSKPKEEVPHAEEFLDDSTVWGIRCNKTLAPSPKSPGDFTSAAQLASTPFHKLPVESVHILEDKENVVAKQCTQATLDSCEENMVVPSRDGKFSPIQEKSPKQALSSHMYSASLLRLSQPAAGGVLTCEAELGVEACRLTDTDAAIAEDPPDAIAGLQAEWMQMSSLGTVDAPNFIVGNPWDDKLIFKLLSGLSKPVSSYPNTFEWQCKLPAIKPKTEFQLGSKLVYVHHLLGEGAFAQVYEATQGDLNDAKNKQKFVLKVQKPANPWEFYIGTQLMERLKPSMQHMFMKFYSAHLFQNGSVLVGELYSYGTLLNAINLYKNTPEKVMPQGLVISFAMRMLYMIEQVHDCEIIHGDIKPDNFILGNGFLEQDDEDDLSAGLALIDLGQSIDMKLFPKGTIFTAKCETSGFQCVEMLSNKPWNYQIDYFGVAATVYCMLFGTYMKVKNEGGECKPEGLFRRLPHLDMWNEFFHVMLNIPDCHHLPSLDLLRQKLKKVFQQHYTNKIRALRNRLIVLLLECKRSRK
P48730,MELRVGNRYRLGRKIGSGSFGDIYLGTDIAAGEEVAIKLECVKTKHPQLHIESKIYKMMQGGVGIPTIRWCGAEGDYNVMVMELLGPSLEDLFNFCSRKFSLKTVLLLADQMISRIEYIHSKNFIHRDVKPDNFLMGLGKKGNLVYIIDFGLAKKYRDARTHQHIPYRENKNLTGTARYASINTHLGIEQSRRDDLESLGYVLMYFNLGSLPWQGLKAATKRQKYERISEKKMSTPIEVLCKGYPSEFATYLNFCRSLRFDDKPDYSYLRQLFRNLFHRQGFSYDYVFDWNMLKFGASRAADDAERERRDREERLRHSRNPATRGLPSTASGRLRGTQEVAPPTPLTPTSHTANTSPRPVSGMERERKVSMRLHRGAPVNISSSDLTGRQDTSRMSTSQIPGRVASSGLQSVVHR
O75385,MEPGRGGTETVGKFEFSRKDLIGHGAFAVVFKGRHREKHDLEVAVKCINKKNLAKSQTLLGKEIKILKELKHENIVALYDFQEMANSVYLVMEYCNGGDLADYLHAMRTLSEDTIRLFLQQIAGAMRLLHSKGIIHRDLKPQNILLSNPAGRRANPNSIRVKIADFGFARYLQSNMMAATLCGSPMYMAPEVIMSQHYDGKADLWSIGTIVYQCLTGKAPFQASSPQDLRLFYEKNKTLVPTIPRETSAPLRQLLLALLQRNHKDRMDFDEFFHHPFLDASPSVRKSPPVPVPSYPSSGSGSSSSSSSTSHLASPPSLGEMQQLQKTLASPADTAGFLHSSRDSGGSKDSSCDTDDFVMVPAQFPGDLVAEAPSAKPPPDSLMCSGSSLVASAGLESHGRTPSPSPPCSSSPSPSGRAGPFSSSRCGASVPIPVPTQVQNYQRIERNLQSPTQFQTPRSSAIRRSGSTSPLGFARASPSPPAHAEHGGVLARKMSLGGGRPYTPSPQVGTIPERPGWSGTPSPQGAEMRGGRSPRPGSSAPEHSPRTSGLGCRLHSAPNLSDLHVVRPKLPKPPTDPLGAVFSPPQASPPQPSHGLQSCRNLRGSPKLPDFLQRNPLPPILGSPTKAVPSFDFPKTPSSQNLLALLARQGVVMTPPRNRTLPDLSEVGPFHGQPLGPGLRPGEDPKGPFGRSFSTSRLTDLLLKAAFGTQAPDPGSTESLQEKPMEIAPSAGFGGSLHPGARAGGTSSPSPVVFTVGSPPSGSTPPQGPRTRMFSAGPTGSASSSARHLVPGPCSEAPAPELPAPGHGCSFADPITANLEGAVTFEAPDLPEETLMEQEHTEILRGLRFTLLFVQHVLEIAALKGSASEAAGGPEYQLQESVVADQISLLSREWGFAEQLVLYLKVAELLSSGLQSAIDQIRAGKLCLSSTVKQVVRRLNELYKASVVSCQGLSLRLQRFFLDKQRLLDRIHSITAERLIFSHAVQMVQSAALDEMFQHREGCVPRYHKALLLLEGLQHMLSDQADIENVTKCKLCIERRLSALLTGICA
O95382,MAGPCPRSGAERAGSCWQDPLAVALSRGRQLAAPPGRGCARSRPLSVVYVLTREPQPGLEPREGTEAEPLPLRCLREACAQVPRPRPPPQLRSLPFGTLELGDTAALDAFYNADVVVLEVSSSLVQPSLFYHLGVRESFSMTNNVLLCSQADLPDLQALREDVFQKNSDCVGSYTLIPYVVTATGRVLCGDAGLLRGLADGLVQAGVGTEALLTPLVGRLARLLEATPTDSCGYFRETIRRDIRQARERFSGPQLRQELARLQRRLDSVELLSPDIIMNLLLSYRDVQDYSAIIELVETLQALPTCDVAEQHNVCFHYTFALNRRNRPGDRAKALSVLLPLVQLEGSVAPDLYCMCGRIYKDMFFSSGFQDAGHREQAYHWYRKAFDVEPSLHSGINAAVLLIAAGQHFEDSKELRLIGMKLGCLLARKGCVEKMQYYWDVGFYLGAQILANDPTQVVLAAEQLYKLNAPIWYLVSVMETFLLYQHFRPTPEPPGGPPRRAHFWLHFLLQSCQPFKTACAQGDQCLVLVLEMNKVLLPAKLEVRGTDPVSTVTLSLLEPETQDIPSSWTFPVASICGVSASKRDERCCFLYALPPAQDVQLCFPSVGHCQWFCGLIQAWVTNPDSTAPAEEAEGAGEMLEFDYEYTETGERLVLGKGTYGVVYAGRDRHTRVRIAIKEIPERDSRFSQPLHEEIALHRRLRHKNIVRYLGSASQGGYLKIFMEEVPGGSLSSLLRSVWGPLKDNESTISFYTRQILQGLGYLHDNHIVHRDIKGDNVLINTFSGLLKISDFGTSKRLAGITPCTETFTGTLQYMAPEIIDQGPRGYGKAADIWSLGCTVIEMATGRPPFHELGSPQAAMFQVGMYKVHPPMPSSLSAEAQAFLLRTFEPDPRLRASAQTLLGDPFLQPGKRSRSPSSPRHAPRPSDAPSASPTPSANSTTQSQTFPCPQAPSQHPPSPPKRCLSYGGTSQLRVPEEPAAEEPASPEESSGLSLLHQESKRRAMLAAVLEQELPALAENLHQEQKQEQGARLGRNHVEELLRCLGAHIHTPNRRQLAQELRALQGRLRAQGLGPALLHRPLFAFPDAVKQILRKRQIRPHWMFVLDSLLSRAVRAALGVLGPEVEKEAVSPRSEELSNEGDSQQSPGQQSPLPVEPEQGPAPLMVQLSLLRAETDRLREILAGKEREYQALVQRALQRLNEEARTYVLAPEPPTALSTDQGLVQWLQELNVDSGTIQMLLNHSFTLHTLLTYATRDDLIYTRIRGGMVCRIWRAILAQRAGSTPVTSGP
Q86Y07,MPPKRNEKYKLPIPFPEGKVLDDMEGNQWVLGKKIGSGGFGLIYLAFPTNKPEKDARHVVKVEYQENGPLFSELKFYQRVAKKDCIKKWIERKQLDYLGIPLFYGSGLTEFKGRSYRFMVMERLGIDLQKISGQNGTFKKSTVLQLGIRMLDVLEYIHENEYVHGDIKAANLLLGYKNPDQVYLADYGLSYRYCPNGNHKQYQENPRKGHNGTIEFTSLDAHKGVALSRRSDVEILGYCMLRWLCGKLPWEQNLKDPVAVQTAKTNLLDELPQSVLKWAPSGSSCCEIAQFLVCAHSLAYDEKPNYQALKKILNPHGIPLGPLDFSTKGQSINVHTPNSQKVDSQKAATKQVNKAHNRLIEKKVHSERSAESCATWKVQKEEKLIGLMNNEAAQESTRRRQKYQESQEPLNEVNSFPQKISYTQFPNSFYEPHQDFTSPDIFKKSRSPSWYKYTSTVSTGITDLESSTGLWPTISQFTLSEETNADVYYYRIIIPVLLMLVFLALFFL
Q96QP1,MNNQKVVAVLLQECKQVLDQLLLEAPDVSEEDKSEDQRCRALLPSELRTLIQEAKEMKWPFVPEKWQYKQAVGPEDKTNLKDVIGAGLQQLLASLRASILARDCAAAAAIVFLVDRFLYGLDVSGKLLQVAKGLHKLQPATPIAPQVVIRQARISVNSGKLLKAEYILSSLISNNGATGTWLYRNESDKVLVQSVCIQIRGQILQKLGMWYEAAELIWASIVGYLALPQPDKKGLSTSLGILADIFVSMSKNDYEKFKNNPQINLSLLKEFDHHLLSAAEACKLAAAFSAYTPLFVLTAVNIRGTCLLSYSSSNDCPPELKNLHLCEAKEAFEIGLLTKRDDEPVTGKQELHSFVKAAFGLTTVHRRLHGETGTVHAASQLCKEAMGKLYNFSTSSRSQDREALSQEVMSVIAQVKEHLQVQSFSNVDDRSYVPESFECRLDKLILHGQGDFQKILDTYSQHHTSVCEVFESDCGNNKNEQKDAKTGVCITALKTEIKNIDTVSTTQEKPHCQRDTGISSSLMGKNVQRELRRGGRRNWTHSDAFRVSLDQDVETETEPSDYSNGEGAVFNKSLSGSQTSSAWSNLSGFSSSASWEEVNYHVDDRSARKEPGKEHLVDTQCSTALSEELENDREGRAMHSLHSQLHDLSLQEPNNDNLEPSQNQPQQQMPLTPFSPHNTPGIFLAPGAGLLEGAPEGIQEVRNMGPRNTSAHSRPSYRSASWSSDSGRPKNMGTHPSVQKEEAFEIIVEFPETNCDVKDRQGKEQGEEISERGAGPTFKASPSWVDPEGETAESTEDAPLDFHRVLHNSLGNISMLPCSSFTPNWPVQNPDSRKSGGPVAEQGIDPDASTVDEEGQLLDSMDVPCTNGHGSHRLCILRQPPGQRAETPNSSVSGNILFPVLSEDCTTTEEGNQPGNMLNCSQNSSSSSVWWLKSPAFSSGSSEGDSPWSYLNSSGSSWVSLPGKMRKEILEARTLQPDDFEKLLAGVRHDWLFQRLENTGVFKPSQLHRAHSALLLKYSKKSELWTAQETIVYLGDYLTVKKKGRQRNAFWVHHLHQEEILGRYVGKDYKEQKGLWHHFTDVERQMTAQHYVTEFNKRLYEQNIPTQIFYIPSTILLILEDKTIKGCISVEPYILGEFVKLSNNTKVVKTEYKATEYGLAYGHFSYEFSNHRDVVVDLQGWVTGNGKGLIYLTDPQIHSVDQKVFTTNFGKRGIFYFFNNQHVECNEICHRLSLTRPSMEKPCT
Q9NSY1,MKKFSRMPKSEGGSGGGAAGGGAGGAGAGAGCGSGGSSVGVRVFAVGRHQVTLEESLAEGGFSTVFLVRTHGGIRCALKRMYVNNMPDLNVCKREITIMKELSGHKNIVGYLDCAVNSISDNVWEVLILMEYCRAGQVVNQMNKKLQTGFTEPEVLQIFCDTCEAVARLHQCKTPIIHRDLKVENILLNDGGNYVLCDFGSATNKFLNPQKDGVNVVEEEIKKYTTLSYRAPEMINLYGGKPITTKADIWALGCLLYKLCFFTLPFGESQVAICDGNFTIPDNSRYSRNIHCLIRFMLEPDPEHRPDIFQVSYFAFKFAKKDCPVSNINNSSIPSALPEPMTASEAAARKSQIKARITDTIGPTETSIAPRQRPKANSATTATPSVLTIQSSATPVKVLAPGEFGNHRPKGALRPGNGPEILLGQGPPQQPPQQHRVLQQLQQGDWRLQQLHLQHRHPHQQQQQQQQQQQQQQQQQQQQQQQQQQQHHHHHHHHLLQDAYMQQYQHATQQQQMLQQQFLMHSVYQPQPSASQYPTMMPQYQQAFFQQQMLAQHQPSQQQASPEYLTSPQEFSPALVSYTSSLPAQVGTIMDSSYSANRSVADKEAIANFTNQKNISNPPDMSGWNPFGEDNFSKLTEEELLDREFDLLRSNRLEERASSDKNVDSLSAPHNHPPEDPFGSVPFISHSGSPEKKAEHSSINQENGTANPIKNGKTSPASKDQRTGKKTSVQGQVQKGNDESESDFESDPPSPKSSEEEEQDDEEVLQGEQGDFNDDDTEPENLGHRPLLMDSEDEEEEEKHSSDSDYEQAKAKYSDMSSVYRDRSGSGPTQDLNTILLTSAQLSSDVAVETPKQEFDVFGAVPFFAVRAQQPQQEKNEKNLPQHRFPAAGLEQEEFDVFTKAPFSKKVNVQECHAVGPEAHTIPGYPKSVDVFGSTPFQPFLTSTSKSESNEDLFGLVPFDEITGSQQQKVKQRSLQKLSSRQRRTKQDMSKSNGKRHHGTPTSTKKTLKPTYRTPERARRHKKVGRRDSQSSNEFLTISDSKENISVALTDGKDRGNVLQPEESLLDPFGAKPFHSPDLSWHPPHQGLSDIRADHNTVLPGRPRQNSLHGSFHSADVLKMDDFGAVPFTELVVQSITPHQSQQSQPVELDPFGAAPFPSKQ
Q9Y572,MSCVKLWPSGAPAPLVSIEELENQELVGKGGFGTVFRAQHRKWGYDVAVKIVNSKAISREVKAMASLDNEFVLRLEGVIEKVNWDQDPKPALVTKFMENGSLSGLLQSQCPRPWPLLCRLLKEVVLGMFYLHDQNPVLLHRDLKPSNVLLDPELHVKLADFGLSTFQGGSQSGTGSGEPGGTLGYLAPELFVNVNRKASTASDVYSFGILMWAVLAGREVELPTEPSLVYEAVCNRQNRPSLAELPQAGPETPGLEGLKELMQLCWSSEPKDRPSFQECLPKTDEVFQMVENNMNAAVSTVKDFLSQLRSSNRRFSIPESGQGGTEMDGFRRTIENQHSRNDVMVSEWLNKLNLEEPPSSVPKKCPSLTKRSRAQEEQVPQAWTAGTSSDSMAQPPQTPETSTFRNQMPSPTSTGTPSPGPRGNQGAERQGMNWSCRTPEPNPVTGRPLVNIYNCSGVQVGDNNYLTMQQTTALPTWGLAPSGKGRGLQHPPPVGSQEGPKDPEAWSRPQGWYNHSGK
Q5S007,MASGSCQGCEEDEETLKKLIVRLNNVQEGKQIETLVQILEDLLVFTYSERASKLFQGKNIHVPLLIVLDSYMRVASVQQVGWSLLCKLIEVCPGTMQSLMGPQDVGNDWEVLGVHQLILKMLTVHNASVNLSVIGLKTLDLLLTSGKITLLILDEESDIFMLIFDAMHSFPANDEVQKLGCKALHVLFERVSEEQLTEFVENKDYMILLSALTNFKDEEEIVLHVLHCLHSLAIPCNNVEVLMSGNVRCYNIVVEAMKAFPMSERIQEVSCCLLHRLTLGNFFNILVLNEVHEFVVKAVQQYPENAALQISALSCLALLTETIFLNQDLEEKNENQENDDEGEEDKLFWLEACYKALTWHRKNKHVQEAACWALNNLLMYQNSLHEKIGDEDGHFPAHREVMLSMLMHSSSKEVFQASANALSTLLEQNVNFRKILLSKGIHLNVLELMQKHIHSPEVAESGCKMLNHLFEGSNTSLDIMAAVVPKILTVMKRHETSLPVQLEALRAILHFIVPGMPEESREDTEFHHKLNMVKKQCFKNDIHKLVLAALNRFIGNPGIQKCGLKVISSIVHFPDALEMLSLEGAMDSVLHTLQMYPDDQEIQCLGLSLIGYLITKKNVFIGTGHLLAKILVSSLYRFKDVAEIQTKGFQTILAILKLSASFSKLLVHHSFDLVIFHQMSSNIMEQKDQQFLNLCCKCFAKVAMDDYLKNVMLERACDQNNSIMVECLLLLGADANQAKEGSSLICQVCEKESSPKLVELLLNSGSREQDVRKALTISIGKGDSQIISLLLRRLALDVANNSICLGGFCIGKVEPSWLGPLFPDKTSNLRKQTNIASTLARMVIRYQMKSAVEEGTASGSDGNFSEDVLSKFDEWTFIPDSSMDSVFAQSDDLDSEGSEGSFLVKKKSNSISVGEFYRDAVLQRCSPNLQRHSNSLGPIFDHEDLLKRKRKILSSDDSLRSSKLQSHMRHSDSISSLASEREYITSLDLSANELRDIDALSQKCCISVHLEHLEKLELHQNALTSFPQQLCETLKSLTHLDLHSNKFTSFPSYLLKMSCIANLDVSRNDIGPSVVLDPTVKCPTLKQFNLSYNQLSFVPENLTDVVEKLEQLILEGNKISGICSPLRLKELKILNLSKNHISSLSENFLEACPKVESFSARMNFLAAMPFLPPSMTILKLSQNKFSCIPEAILNLPHLRSLDMSSNDIQYLPGPAHWKSLNLRELLFSHNQISILDLSEKAYLWSRVEKLHLSHNKLKEIPPEIGCLENLTSLDVSYNLELRSFPNEMGKLSKIWDLPLDELHLNFDFKHIGCKAKDIIRFLQQRLKKAVPYNRMKLMIVGNTGSGKTTLLQQLMKTKKSDLGMQSATVGIDVKDWPIQIRDKRKRDLVLNVWDFAGREEFYSTHPHFMTQRALYLAVYDLSKGQAEVDAMKPWLFNIKARASSSPVILVGTHLDVSDEKQRKACMSKITKELLNKRGFPAIRDYHFVNATEESDALAKLRKTIINESLNFKIRDQLVVGQLIPDCYVELEKIILSERKNVPIEFPVIDRKRLLQLVRENQLQLDENELPHAVHFLNESGVLLHFQDPALQLSDLYFVEPKWLCKIMAQILTVKVEGCPKHPKGIISRRDVEKFLSKKRKFPKNYMSQYFKLLEKFQIALPIGEEYLLVPSSLSDHRPVIELPHCENSEIIIRLYEMPYFPMGFWSRLINRLLEISPYMLSGRERALRPNRMYWRQGIYLNWSPEAYCLVGSEVLDNHPESFLKITVPSCRKGCILLGQVVDHIDSLMEEWFPGLLEIDICGEGETLLKKWALYSFNDGEEHQKILLDDLMKKAEEGDLLVNPDQPRLTIPISQIAPDLILADLPRNIMLNNDELEFEQAPEFLLGDGSFGSVYRAAYEGEEVAVKIFNKHTSLRLLRQELVVLCHLHHPSLISLLAAGIRPRMLVMELASKGSLDRLLQQDKASLTRTLQHRIALHVADGLRYLHSAMIIYRDLKPHNVLLFTLYPNAAIIAKIADYGIAQYCCRMGIKTSEGTPGFRAPEVARGNVIYNQQADVYSFGLLLYDILTTGGRIVEGLKFPNEFDELEIQGKLPDPVKEYGCAPWPMVEKLIKQCLKENPQERPTSAQVFDILNSAELVCLTRRILLPKNVIVECMVATHHNSRNASIWLGCGHTDRGQLSFLDLNTEGYTSEEVADSRILCLALVHLPVEKESWIVSGTQSGTLLVINTEDGKKRHTLEKMTDSVTCLYCNSFSKQSKQKNFLLVGTADGKLAIFEDKTVKLKGAAPLKILNIGNVSTPLMCLSESTNSTERNVMWGGCGTKIFSFSNDFTIQKLIETRTSQLFSYAAFSDSNIITVVVDTALYIAKQNSPVVEVWDKKTEKLCGLIDCVHFLREVMVKENKESKHKMSYSGRVKTLCLQKNTALWIGTGGGHILLLDLSTRRLIRVIYNFCNSVRVMMTAQLGSLKNVMLVLGYNRKNTEGTQKQKEIQSCLTVWDINLPHEVQNLEKHIEVRKELAEKMRRTSVE
Q16832,MILIPRMLLVLFLLLPILSSAKAQVNPAICRYPLGMSGGQIPDEDITASSQWSESTAAKYGRLDSEEGDGAWCPEIPVEPDDLKEFLQIDLHTLHFITLVGTQGRHAGGHGIEFAPMYKINYSRDGTRWISWRNRHGKQVLDGNSNPYDIFLKDLEPPIVARFVRFIPVTDHSMNVCMRVELYGCVWLDGLVSYNAPAGQQFVLPGGSIIYLNDSVYDGAVGYSMTEGLGQLTDGVSGLDDFTQTHEYHVWPGYDYVGWRNESATNGYIEIMFEFDRIRNFTTMKVHCNNMFAKGVKIFKEVQCYFRSEASEWEPNAISFPLVLDDVNPSARFVTVPLHHRMASAIKCQYHFADTWMMFSEITFQSDAAMYNNSEALPTSPMAPTTYDPMLKVDDSNTRILIGCLVAIIFILLAIIVIILWRQFWQKMLEKASRRMLDDEMTVSLSLPSDSSMFNNNRSSSPSEQGSNSTYDRIFPLRPDYQEPSRLIRKLPEFAPGEEESGCSGVVKPVQPSGPEGVPHYAEADIVNLQGVTGGNTYSVPAVTMDLLSGKDVAVEEFPRKLLTFKEKLGEGQFGEVHLCEVEGMEKFKDKDFALDVSANQPVLVAVKMLRADANKNARNDFLKEIKIMSRLKDPNIIHLLAVCITDDPLCMITEYMENGDLNQFLSRHEPPNSSSSDVRTVSYTNLKFMATQIASGMKYLSSLNFVHRDLATRNCLVGKNYTIKIADFGMSRNLYSGDYYRIQGRAVLPIRWMSWESILLGKFTTASDVWAFGVTLWETFTFCQEQPYSQLSDEQVIENTGEFFRDQGRQTYLPQPAICPDSVYKLMLSCWRRDTKNRPSFQEIHLLLLQQGDE
Q8TAS1,MAGSGCAWGAEPPRFLEAFGRLWQVQSRLGSGSSASVYRVRCCGNPGSPPGALKQFLPPGTTGAAASAAEYGFRKERAALEQLQGHRNIVTLYGVFTIHFSPNVPSRCLLLELLDVSVSELLLYSSHQGCSMWMIQHCARDVLEALAFLHHEGYVHADLKPRNILWSAENECFKLIDFGLSFKEGNQDVKYIQTDGYRAPEAELQNCLAQAGLQSDTECTSAVDLWSLGIILLEMFSGMKLKHTVRSQEWKANSSAIIDHIFASKAVVNAAIPAYHLRDLIKSMLHDDPSRRIPAEMALCSPFFSIPFAPHIEDLVMLPTPVLRLLNVLDDDYLENEEEYEDVVEDVKEECQKYGPVVSLLVPKENPGRGQVFVEYANAGDSKAAQKLLTGRMFDGKFVVATFYPLSAYKRGYLYQTLL
P36507,MLARRKPVLPALTINPTIAEGPSPTSEGASEANLVDLQKKLEELELDEQQKKRLEAFLTQKAKVGELKDDDFERISELGAGNGGVVTKVQHRPSGLIMARKLIHLEIKPAIRNQIIRELQVLHECNSPYIVGFYGAFYSDGEISICMEHMDGGSLDQVLKEAKRIPEEILGKVSIAVLRGLAYLREKHQIMHRDVKPSNILVNSRGEIKLCDFGVSGQLIDSMANSFVGTRSYMAPERLQGTHYSVQSDIWSMGLSLVELAVGRYPIPPPDAKELEAIFGRPVVDGEEGEPHSISPRPRPPGRPVSGHGMDSRPAMAIFELLDYIVNEPPPKLPNGVFTPDFQEFVNKCLIKNPAERADLKMLTNHTFIKRSEVEEVDFAGWLCKTLRLNQPGTPTRTAV
P16234,MGTSHPAFLVLGCLLTGLSLILCQLSLPSILPNENEKVVQLNSSFSLRCFGESEVSWQYPMSEEESSDVEIRNEENNSGLFVTVLEVSSASAAHTGLYTCYYNHTQTEENELEGRHIYIYVPDPDVAFVPLGMTDYLVIVEDDDSAIIPCRTTDPETPVTLHNSEGVVPASYDSRQGFNGTFTVGPYICEATVKGKKFQTIPFNVYALKATSELDLEMEALKTVYKSGETIVVTCAVFNNEVVDLQWTYPGEVKGKGITMLEEIKVPSIKLVYTLTVPEATVKDSGDYECAARQATREVKEMKKVTISVHEKGFIEIKPTFSQLEAVNLHEVKHFVVEVRAYPPPRISWLKNNLTLIENLTEITTDVEKIQEIRYRSKLKLIRAKEEDSGHYTIVAQNEDAVKSYTFELLTQVPSSILDLVDDHHGSTGGQTVRCTAEGTPLPDIEWMICKDIKKCNNETSWTILANNVSNIITEIHSRDRSTVEGRVTFAKVEETIAVRCLAKNLLGAENRELKLVAPTLRSELTVAAAVLVLLVIVIISLIVLVVIWKQKPRYEIRWRVIESISPDGHEYIYVDPMQLPYDSRWEFPRDGLVLGRVLGSGAFGKVVEGTAYGLSRSQPVMKVAVKMLKPTARSSEKQALMSELKIMTHLGPHLNIVNLLGACTKSGPIYIITEYCFYGDLVNYLHKNRDSFLSHHPEKPKKELDIFGLNPADESTRSYVILSFENNGDYMDMKQADTTQYVPMLERKEVSKYSDIQRSLYDRPASYKKKSMLDSEVKNLLSDDNSEGLTLLDLLSFTYQVARGMEFLASKNCVHRDLAARNVLLAQGKIVKICDFGLARDIMHDSNYVSKGSTFLPVKWMAPESIFDNLYTTLSDVWSYGILLWEIFSLGGTPYPGMMVDSTFYNKIKSGYRMAKPDHATSEVYEIMVKCWNSEPEKRPSFYHLSEIVENLLPGQYKKSYEKIHLDFLKSDHPAVARMRVDSDNAYIGVTYKNEEDKLKDWEGGLDEQRLSADSGYIIPLPDIDPVPEEEDLGKRNRHSSQTSEESAIETGSSSSTFIKREDETIEDIDMMDDIGIDSSDLVEDSFL
P07949,MAKATSGAAGLRLLLLLLLPLLGKVALGLYFSRDAYWEKLYVDQAAGTPLLYVHALRDAPEEVPSFRLGQHLYGTYRTRLHENNWICIQEDTGLLYLNRSLDHSSWEKLSVRNRGFPLLTVYLKVFLSPTSLREGECQWPGCARVYFSFFNTSFPACSSLKPRELCFPETRPSFRIRENRPPGTFHQFRLLPVQFLCPNISVAYRLLEGEGLPFRCAPDSLEVSTRWALDREQREKYELVAVCTVHAGAREEVVMVPFPVTVYDEDDSAPTFPAGVDTASAVVEFKRKEDTVVATLRVFDADVVPASGELVRRYTSTLLPGDTWAQQTFRVEHWPNETSVQANGSFVRATVHDYRLVLNRNLSISENRTMQLAVLVNDSDFQGPGAGVLLLHFNVSVLPVSLHLPSTYSLSVSRRARRFAQIGKVCVENCQAFSGINVQYKLHSSGANCSTLGVVTSAEDTSGILFVNDTKALRRPKCAELHYMVVATDQQTSRQAQAQLLVTVEGSYVAEEAGCPLSCAVSKRRLECEECGGLGSPTGRCEWRQGDGKGITRNFSTCSPSTKTCPDGHCDVVETQDINICPQDCLRGSIVGGHEPGEPRGIKAGYGTCNCFPEEEKCFCEPEDIQDPLCDELCRTVIAAAVLFSFIVSVLLSAFCIHCYHKFAHKPPISSAEMTFRRPAQAFPVSYSSSGARRPSLDSMENQVSVDAFKILEDPKWEFPRKNLVLGKTLGEGEFGKVVKATAFHLKGRAGYTTVAVKMLKENASPSELRDLLSEFNVLKQVNHPHVIKLYGACSQDGPLLLIVEYAKYGSLRGFLRESRKVGPGYLGSGGSRNSSSLDHPDERALTMGDLISFAWQISQGMQYLAEMKLVHRDLAARNILVAEGRKMKISDFGLSRDVYEEDSYVKRSQGRIPVKWMAIESLFDHIYTTQSDVWSFGVLLWEIVTLGGNPYPGIPPERLFNLLKTGHRMERPDNCSEEMYRLMLQCWKQEPDKRPVFADISKDLEKMMVKRRDYLDLAASTPSDSLIYDDGLSEEETPLVDCNNAPLPRALPSTWIENKLYGMSDPNWPGESPVPLTRADGTNTGFPRYPNDSVYANWMLSPSAAKLMDTFDS
Q96GX5,MDPTAGSKKEPGGGAATEEGVNRIAVPKPPSIEEFSIVKPISRGAFGKVYLGQKGGKLYAVKVVKKADMINKNMTHQVQAERDALALSKSPFIVHLYYSLQSANNVYLVMEYLIGGDVKSLLHIYGYFDEEMAVKYISEVALALDYLHRHGIIHRDLKPDNMLISNEGHIKLTDFGLSKVTLNRDINMMDILTTPSMAKPRQDYSRTPGQVLSLISSLGFNTPIAEKNQDPANILSACLSETSQLSQGLVCPMSVDQKDTTPYSSKLLKSCLETVASNPGMPVKCLTSNLLQSRKRLATSSASSQSHTFISSVESECHSSPKWEKDCQESDEALGPTMMSWNAVEKLCAKSANAIETKGFNKKDLELALSPIHNSSALPTTGRSCVNLAKKCFSGEVSWEAVELDVNNINMDTDTSQLGFHQSNQWAVDSGGISEEHLGKRSLKRNFELVDSSPCKKIIQNKKTCVEYKHNEMTNCYTNQNTGLTVEVQDLKLSVHKSQQNDCANKENIVNSFTDKQQTPEKLPIPMIAKNLMCELDEDCEKNSKRDYLSSSFLCSDDDRASKNISMNSDSSFPGISIMESPLESQPLDSDRSIKESSFEESNIEDPLIVTPDCQEKTSPKGVENPAVQESNQKMLGPPLEVLKTLASKRNAVAFRSFNSHINASNNSEPSRMNMTSLDAMDISCAYSGSYPMAITPTQKRRSCMPHQQTPNQIKSGTPYRTPKSVRRGVAPVDDGRILGTPDYLAPELLLGRAHGPAVDWWALGVCLFEFLTGIPPFNDETPQQVFQNILKRDIPWPEGEEKLSDNAQSAVEILLTIDDTKRAGMKELKRHPLFSDVDWENLQHQTMPFIPQPDDETDTSYFEARNTAQHLTVSGFSL
Q07912,MQPEEGTGWLLELLSEVQLQQYFLRLRDDLNVTRLSHFEYVKNEDLEKIGMGRPGQRRLWEAVKRRKALCKRKSWMSKVFSGKRLEAEFPPHHSQSTFRKTSPAPGGPAGEGPLQSLTCLIGEKDLRLLEKLGDGSFGVVRRGEWDAPSGKTVSVAVKCLKPDVLSQPEAMDDFIREVNAMHSLDHRNLIRLYGVVLTPPMKMVTELAPLGSLLDRLRKHQGHFLLGTLSRYAVQVAEGMGYLESKRFIHRDLAARNLLLATRDLVKIGDFGLMRALPQNDDHYVMQEHRKVPFAWCAPESLKTRTFSHASDTWMFGVTLWEMFTYGQEPWIGLNGSQILHKIDKEGERLPRPEDCPQDIYNVMVQCWAHKPEDRPTFVALRDFLLEAQPTDMRALQDFEEPDKLHIQMNDVITVIEGRAENYWWRGQNTRTLCVGPFPRNVVTSVAGLSAQDISQPLQNSFIHTGHGDSDPRHCWGFPDRIDELYLGNPMDPPDLLSVELSTSRPPQHLGGVKKPTYDPVSEDQDPLSSDFKRLGLRKPGLPRGLWLAKPSARVPGTKASRGSGAEVTLIDFGEEPVVPALRPCAPSLAQLAMDACSLLDETPPQSPTRALPRPLHPTPVVDWDARPLPPPPAYDDVAQDEDDFEICSINSTLVGAGVPAGPSQGQTNYAFVPEQARPPPPLEDNLFLPPQGGGKPPSSAQTAEIFQALQQECMRQLQAPAGSPAPSPSPGGDDKPQVPPRVPIPPRPTRPHVQLSPAPPGEEETSQWPGPASPPRVPPREPLSPQGSRTPSPLVPPGSSPLPPRLSSSPGKTMPTTQSFASDPKYATPQVIQAPGPRAGPCILPIVRDGKKVSSTHYYLLPERPSYLERYQRFLREAQSPEEPTPLPVPLLLPPPSTPAPAAPTATVRPMPQAALDPKANFSTNNSNPGARPPPPRATARLPQRGCPGDGPEAGRPADKIQMAMVHGVTTEECQAALQCHGWSVQRAAQYLKVEQLFGLGLRPRGECHKVLEMFDWNLEQAGCHLLGSWGPAHHKR
Q16654,MKAARFVLRSAGSLNGAGLVPREVEHFSRYSPSPLSMKQLLDFGSENACERTSFAFLRQELPVRLANILKEIDILPTQLVNTSSVQLVKSWYIQSLMDLVEFHEKSPDDQKALSDFVDTLIKVRNRHHNVVPTMAQGIIEYKDACTVDPVTNQNLQYFLDRFYMNRISTRMLMNQHILIFSDSQTGNPSHIGSIDPNCDVVAVVQDAFECSRMLCDQYYLSSPELKLTQVNGKFPDQPIHIVYVPSHLHHMLFELFKNAMRATVEHQENQPSLTPIEVIVVLGKEDLTIKISDRGGGVPLRIIDRLFSYTYSTAPTPVMDNSRNAPLAGFGYGLPISRLYAKYFQGDLNLYSLSGYGTDAIIYLKALSSESIEKLPVFNKSAFKHYQMSSEADDWCIPSREPKNLAKEVAM
Q2M2I8,MKKFFDSRREQGGSGLGSGSSGGGGSTSGLGSGYIGRVFGIGRQQVTVDEVLAEGGFAIVFLVRTSNGMKCALKRMFVNNEHDLQVCKREIQIMRDLSGHKNIVGYIDSSINNVSSGDVWEVLILMDFCRGGQVVNLMNQRLQTGFTENEVLQIFCDTCEAVARLHQCKTPIIHRDLKVENILLHDRGHYVLCDFGSATNKFQNPQTEGVNAVEDEIKKYTTLSYRAPEMVNLYSGKIITTKADIWALGCLLYKLCYFTLPFGESQVAICDGNFTIPDNSRYSQDMHCLIRYMLEPDPDKRPDIYQVSYFSFKLLKKECPIPNVQNSPIPAKLPEPVKASEAAAKKTQPKARLTDPIPTTETSIAPRQRPKAGQTQPNPGILPIQPALTPRKRATVQPPPQAAGSSNQPGLLASVPQPKPQAPPSQPLPQTQAKQPQAPPTPQQTPSTQAQGLPAQAQATPQHQQQLFLKQQQQQQQPPPAQQQPAGTFYQQQQAQTQQFQAVHPATQKPAIAQFPVVSQGGSQQQLMQNFYQQQQQQQQQQQQQQLATALHQQQLMTQQAALQQKPTMAAGQQPQPQPAAAPQPAPAQEPAIQAPVRQQPKVQTTPPPAVQGQKVGSLTPPSSPKTQRAGHRRILSDVTHSAVFGVPASKSTQLLQAAAAEASLNKSKSATTTPSGSPRTSQQNVYNPSEGSTWNPFDDDNFSKLTAEELLNKDFAKLGEGKHPEKLGGSAESLIPGFQSTQGDAFATTSFSAGTAEKRKGGQTVDSGLPLLSVSDPFIPLQVPDAPEKLIEGLKSPDTSLLLPDLLPMTDPFGSTSDAVIEKADVAVESLIPGLEPPVPQRLPSQTESVTSNRTDSLTGEDSLLDCSLLSNPTTDLLEEFAPTAISAPVHKAAEDSNLISGFDVPEGSDKVAEDEFDPIPVLITKNPQGGHSRNSSGSSESSLPNLARSLLLVDQLIDL
O14976,MSLLQSALDFLAGPGSLGGASGRDQSDFVGQTVELGELRLRVRRVLAEGGFAFVYEAQDVGSGREYALKRLLSNEEEKNRAIIQEVCFMKKLSGHPNIVQFCSAASIGKEESDTGQAEFLLLTELCKGQLVEFLKKMESRGPLSCDTVLKIFYQTCRAVQHMHRQKPPIIHRDLKVENLLLSNQGTIKLCDFGSATTISHYPDYSWSAQRRALVEEEITRNTTPMYRTPEIIDLYSNFPIGEKQDIWALGCILYLLCFRQHPFEDGAKLRIVNGKYSIPPHDTQYTVFHSLIRAMLQVNPEERLSIAEVVHQLQEIAAARNVNPKSPITELLEQNGGYGSATLSRGPPPPVGPAGSGYSGGLALAEYDQPYGGFLDILRGGTERLFTNLKDTSSKVIQSVANYAKGDLDISYITSRIAVMSFPAEGVESALKNNIEDVRLFLDSKHPGHYAVYNLSPRTYRPSRFHNRVSECGWAARRAPHLHTLYNICRNMHAWLRQDHKNVCVVHCMDGRAASAVAVCSFLCFCRLFSTAEAAVYMFSMKRCPPGIWPSHKRYIEYMCDMVAEEPITPHSKPILVRAVVMTPVPLFSKQRSGCRPFCEVYVGDERVASTSQEYDKMRDFKIEDGKAVIPLGVTVQGDVLIVIYHARSTLGGRLQAKMASMKMFQIQFHTGFVPRNATTVKFAKYDLDACDIQEKYPDLFQVNLEVEVEPRDRPSREAPPWENSSMRGLNPKILFSSREEQQDILSKFGKPELPRQPGSTAQYDAGAGSPEAEPTDSDSPPSSSADASRFLHTLDWQEEKEAETGAENASSKESESALMEDRDESEVSDEGGSPISSEGQEPRADPEPPGLAAGLVQQDLVFEVETPAVLPEPVPQEDGVDLLGLHSEVGAGPAVPPQACKAPSSNTDLLSCLLGPPEAASQGPPEDLLSEDPLLLASPAPPLSVQSTPRGGPPAAADPFGPLLPSSGNNSQPCSNPDLFGEFLNSDSVTVPPSFPSAHSAPPPSCSADFLHLGDLPGEPSKMTASSSNPDLLGGWAAWTETAASAVAPTPATEGPLFSPGGQPAPCGSQASWTKSQNPDPFADLGDLSSGLQGSPAGFPPGGFIPKTATTPKGSSSWQTSRPPAQGASWPPQAKPPPKACTQPRPNYASNFSVIGAREERGVRAPSFAQKPKVSENDFEDLLSNQGFSSRSDKKGPKTIAEMRKQDLAKDTDPLKLKLLDWIEGKERNIRALLSTLHTVLWDGESRWTPVGMADLVAPEQVKKHYRRAVLAVHPDKAAGQPYEQHAKMIFMELNDAWSEFENQGSRPLF
P23458,MQYLNIKEDCNAMAFCAKMRSSKKTEVNLEAPEPGVEVIFYLSDREPLRLGSGEYTAEELCIRAAQACRISPLCHNLFALYDENTKLWYAPNRTITVDDKMSLRLHYRMRFYFTNWHGTNDNEQSVWRHSPKKQKNGYEKKKIPDATPLLDASSLEYLFAQGQYDLVKCLAPIRDPKTEQDGHDIENECLGMAVLAISHYAMMKKMQLPELPKDISYKRYIPETLNKSIRQRNLLTRMRINNVFKDFLKEFNNKTICDSSVSTHDLKVKYLATLETLTKHYGAEIFETSMLLISSENEMNWFHSNDGGNVLYYEVMVTGNLGIQWRHKPNVVSVEKEKNKLKRKKLENKHKKDEEKNKIREEWNNFSYFPEITHIVIKESVVSINKQDNKKMELKLSSHEEALSFVSLVDGYFRLTADAHHYLCTDVAPPLIVHNIQNGCHGPICTEYAINKLRQEGSEEGMYVLRWSCTDFDNILMTVTCFEKSEQVQGAQKQFKNFQIEVQKGRYSLHGSDRSFPSLGDLMSHLKKQILRTDNISFMLKRCCQPKPREISNLLVATKKAQEWQPVYPMSQLSFDRILKKDLVQGEHLGRGTRTHIYSGTLMDYKDDEGTSEEKKIKVILKVLDPSHRDISLAFFEAASMMRQVSHKHIVYLYGVCVRDVENIMVEEFVEGGPLDLFMHRKSDVLTTPWKFKVAKQLASALSYLEDKDLVHGNVCTKNLLLAREGIDSECGPFIKLSDPGIPITVLSRQECIERIPWIAPECVEDSKNLSVAADKWSFGTTLWEICYNGEIPLKDKTLIEKERFYESRCRPVTPSCKELADLMTRCMNYDPNQRPFFRAIMRDINKLEEQNPDIVSEKKPATEVDPTHFEKRFLKRIRDLGEGHFGKVELCRYDPEGDNTGEQVAVKSLKPESGGNHIADLKKEIEILRNLYHENIVKYKGICTEDGGNGIKLIMEFLPSGSLKEYLPKNKNKINLKQQLKYAVQICKGMDYLGSRQYVHRDLAARNVLVESEHQVKIGDFGLTKAIETDKEYYTVKDDRDSPVFWYAPECLMQSKFYIASDVWSFGVTLHELLTYCDSDSSPMALFLKMIGPTHGQMTVTRLVNTLKEGKRLPCPPNCPDEVYQLMRKCWEFQPSNRTSFQNLIEGFEALLK
Q96Q15,MSRRAPGSRLSSGGGGGGTKYPRSWNDWQPRTDSASADPDNLKYSSSRDRGGSSSYGLQPSNSAVVSRQRHDDTRVHADIQNDEKGGYSVNGGSGENTYGRKSLGQELRVNNVTSPEFTSVQHGSRALATKDMRKSQERSMSYSDESRLSNLLRRITREDDRDRRLATVKQLKEFIQQPENKLVLVKQLDNILAAVHDVLNESSKLLQELRQEGACCLGLLCASLSYEAEKIFKWIFSKFSSSAKDEVKLLYLCATYKALETVGEKKAFSSVMQLVMTSLQSILENVDTPELLCKCVKCILLVARCYPHIFSTNFRDTVDILVGWHIDHTQKPSLTQQVSGWLQSLEPFWVADLAFSTTLLGQFLEDMEAYAEDLSHVASGESVDEDVPPPSVSLPKLAALLRVFSTVVRSIGERFSPIRGPPITEAYVTDVLYRVMRCVTAANQVFFSEAVLTAANECVGVLLGSLDPSMTIHCDMVITYGLDQLENCQTCGTDYIISVLNLLTLIVEQINTKLPSSFVEKLFIPSSKLLFLRYHKEKEVVAVAHAVYQAVLSLKNIPVLETAYKLILGEMTCALNNLLHSLQLPEACSEIKHEAFKNHVFNVDNAKFVVIFDLSALTTIGNAKNSLIGMWALSPTVFALLSKNLMIVHSDLAVHFPAIQYAVLYTLYSHCTRHDHFISSSLSSSSPSLFDGAVISTVTTATKKHFSIILNLLGILLKKDNLNQDTRKLLMTWALEAAVLMKKSETYAPLFSLPSFHKFCKGLLANTLVEDVNICLQACSSLHALSSSLPDDLLQRCVDVCRVQLVHSGTRIRQAFGKLLKSIPLDVVLSNNNHTEIQEISLALRSHMSKAPSNTFHPQDFSDVISFILYGNSHRTGKDNWLERLFYSCQRLDKRDQSTIPRNLLKTDAVLWQWAIWEAAQFTVLSKLRTPLGRAQDTFQTIEGIIRSLAAHTLNPDQDVSQWTTADNDEGHGNNQLRLVLLLQYLENLEKLMYNAYEGCANALTSPPKVIRTFFYTNRQTCQDWLTRIRLSIMRVGLLAGQPAVTVRHGFDLLTEMKTTSLSQGNELEVTIMMVVEALCELHCPEAIQGIAVWSSSIVGKNLLWINSVAQQAEGRFEKASVEYQEHLCAMTGVDCCISSFDKSVLTLANAGRNSASPKHSLNGESRKTVLSKPTDSSPEVINYLGNKACECYISIADWAAVQEWQNAIHDLKKSTSSTSLNLKADFNYIKSLSSFESGKFVECTEQLELLPGENINLLAGGSKEKIDMKKLLPNMLSPDPRELQKSIEVQLLRSSVCLATALNPIEQDQKWQSITENVVKYLKQTSRIAIGPLRLSTLTVSQSLPVLSTLQLYCSSALENTVSNRLSTEDCLIPLFSEALRSCKQHDVRPWMQALRYTMYQNQLLEKIKEQTVPIRSHLMELGLTAAKFARKRGNVSLATRLLAQCSEVQLGKTTTAQDLVQHFKKLSTQGQVDEKWGPELDIEKTKLLYTAGQSTHAMEMLSSCAISFCKSVKAEYAVAKSILTLAKWIQAEWKEISGQLKQVYRAQHQQNFTGLSTLSKNILTLIELPSVNTMEEEYPRIESESTVHIGVGEPDFILGQLYHLSSVQAPEVAKSWAALASWAYRWGRKVVDNASQGEGVRLLPREKSEVQNLLPDTITEEEKERIYGILGQAVCRPAGIQDEDITLQITESEDNEEDDMVDVIWRQLISSCPWLSELDESATEGVIKVWRKVVDRIFSLYKLSCSAYFTFLKLNAGQIPLDEDDPRLHLSHRVEQSTDDMIVMATLRLLRLLVKHAGELRQYLEHGLETTPTAPWRGIIPQLFSRLNHPEVYVRQSICNLLCRVAQDSPHLILYPAIVGTISLSSESQASGNKFSTAIPTLLGNIQGEELLVSECEGGSPPASQDSNKDEPKSGLNEDQAMMQDCYSKIVDKLSSANPTMVLQVQMLVAELRRVTVLWDELWLGVLLQQHMYVLRRIQQLEDEVKRVQNNNTLRKEEKIAIMREKHTALMKPIVFALEHVRSITAAPAETPHEKWFQDNYGDAIENALEKLKTPLNPAKPGSSWIPFKEIMLSLQQRAQKRASYILRLEEISPWLAAMTNTEIALPGEVSARDTVTIHSVGGTITILPTKTKPKKLLFLGSDGKSYPYLFKGLEDLHLDERIMQFLSIVNTMFATINRQETPRFHARHYSVTPLGTRSGLIQWVDGATPLFGLYKRWQQREAALQAQKAQDSYQTPQNPGIVPRPSELYYSKIGPALKTVGLSLDVSRRDWPLHVMKAVLEELMEATPPNLLAKELWSSCTTPDEWWRVTQSYARSTAVMSMVGYIIGLGDRHLDNVLIDMTTGEVVHIDYNVCFEKGKSLRVPEKVPFRMTQNIETALGVTGVEGVFRLSCEQVLHIMRRGRETLLTLLEAFVYDPLVDWTAGGEAGFAGAVYGGGGQQAESKQSKREMEREITRSLFSSRVAEIKVNWFKNRDEMLVVLPKLDGSLDEYLSLQEQLTDVEKLQGKLLEEIEFLEGAEGVDHPSHTLQHRYSEHTQLQTQQRAVQEAIQVKLNEFEQWITHYQAAFNNLEATQLASLLQEISTQMDLGPPSYVPATAFLQNAGQAHLISQCEQLEGEVGALLQQRRSVLRGCLEQLHHYATVALQYPKAIFQKHRIEQWKTWMEELICNTTVERCQELYRKYEMQYAPQPPPTVCQFITATEMTLQRYAADINSRLIRQVERLKQEAVTVPVCEDQLKEIERCIKVFLHENGEEGSLSLASVIISALCTLTRRNLMMEGAASSAGEQLVDLTSRDGAWFLEELCSMSGNVTCLVQLLKQCHLVPQDLDIPNPMEASETVHLANGVYTSLQELNSNFRQIIFPEALRCLMKGEYTLESMLHELDGLIEQTTDGVPLQTLVESLQAYLRNAAMGLEEETHAHYIDVARLLHAQYGELIQPRNGSVDETPKMSAGQMLLVAFDGMFAQVETAFSLLVEKLNKMEIPIAWRKIDIIREARSTQVNFFDDDNHRQVLEEIFFLKRLQTIKEFFRLCGTFSKTLSGSSSLEDQNTVNGPVQIVNVKTLFRNSCFSEDQMAKPIKAFTADFVRQLLIGLPNQALGLTLCSFISALGVDIIAQVEAKDFGAESKVSVDDLCKKAVEHNIQIGKFSQLVMNRATVLASSYDTAWKKHDLVRRLETSISSCKTSLQRVQLHIAMFQWQHEDLLINRPQAMSVTPPPRSAILTSMKKKLHTLSQIETSIATVQEKLAALESSIEQRLKWAGGANPALAPVLQDFEATIAERRNLVLKESQRASQVTFLCSNIIHFESLRTRTAEALNLDAALFELIKRCQQMCSFASQFNSSVSELELRLLQRVDTGLEHPIGSSEWLLSAHKQLTQDMSTQRAIQTEKEQQIETVCETIQNLVDNIKTVLTGHNRQLGDVKHLLKAMAKDEEAALADGEDVPYENSVRQFLGEYKSWQDNIQTVLFTLVQAMGQVRSQEHVEMLQEITPTLKELKTQSQSIYNNLVSFASPLVTDATNECSSPTSSATYQPSFAAAVRSNTGQKTQPDVMSQNARKLIQKNLATSADTPPSTVPGTGKSVACSPKKAVRDPKTGKAVQERNSYAVSVWKRVKAKLEGRDVDPNRRMSVAEQVDYVIKEATNLDNLAQLYEGWTAWV
P57058,MPAAAGDGLLGEPAAPGGGGGAEDAARPAAACEGSFLPAWVSGVPRERLRDFQHHKRVGNYLIGSRKLGEGSFAKVREGLHVLTGEKVAIKVIDKKRAKKDTYVTKNLRREGQIQQMIRHPNITQLLDILETENSYYLVMELCPGGNLMHKIYEKKRLEESEARRYIRQLISAVEHLHRAGVVHRDLKIENLLLDEDNNIKLIDFGLSNCAGILGYSDPFSTQCGSPAYAAPELLARKKYGPKIDVWSIGVNMYAMLTGTLPFTVEPFSLRALYQKMVDKEMNPLPTQLSTGAISFLRSLLEPDPVKRPNIQQALANRWLNENYTGKVPCNVTYPNRISLEDLSPSVVLHMTEKLGYKNSDVINTVLSNRACHILAIYFLLNKKLERYLSGKSDIQDSLCYKTRLYQIEKYRAPKESYEASLDTWTRDLEFHAVQDKKPKEQEKRGDFLHRPFSKKLDKNLPSHKQPSGSLMTQIQNTKALLKDRKASKSSFPDKDSFGCRNIFRKTSDSNCVASSSMEFIPVPPPRTPRIVKKPEPHQPGPGSTGIPHKEDPLMLDMVRSFESVDRDDHVEVLSPSHHYRILNSPVSLARRNSSERTLSPGLPSGSMSPLHTPLHPTLVSFAHEDKNSPPKEEGLCCPPPVPSNGPMQPLGSPNCVKSRGRFPMMGIGQMLRKRHQSLQPSADRPLEASLPPLQPLAPVNLAFDMADGVKTQC
Q96RR4,MSSCVSSQPSSNRAAPQDELGGRGSSSSESQKPCEALRGLSSLSIHLGMESFIVVTECEPGCAVDLGLARDRPLEADGQEVPLDTSGSQARPHLSGRKLSLQERSQGGLAAGGSLDMNGRCICPSLPYSPVSSPQSSPRLPRRPTVESHHVSITGMQDCVQLNQYTLKDEIGKGSYGVVKLAYNENDNTYYAMKVLSKKKLIRQAGFPRRPPPRGTRPAPGGCIQPRGPIEQVYQEIAILKKLDHPNVVKLVEVLDDPNEDHLYMVFELVNQGPVMEVPTLKPLSEDQARFYFQDLIKGIEYLHYQKIIHRDIKPSNLLVGEDGHIKIADFGVSNEFKGSDALLSNTVGTPAFMAPESLSETRKIFSGKALDVWAMGVTLYCFVFGQCPFMDERIMCLHSKIKSQALEFPDQPDIAEDLKDLITRMLDKNPESRIVVPEIKLHPWVTRHGAEPLPSEDENCTLVEVTEEEVENSVKHIPSLATVILVKTMIRKRSFGNPFEGSRREERSLSAPGNLLTKKPTRECESLSELKEARQRRQPPGHRPAPRGGGGSALVRGSPCVESCWAPAPGSPARMHPLRPEEAMEPE
Q02750,MPKKKPTPIQLNPAPDGSAVNGTSSAETNLEALQKKLEELELDEQQRKRLEAFLTQKQKVGELKDDDFEKISELGAGNGGVVFKVSHKPSGLVMARKLIHLEIKPAIRNQIIRELQVLHECNSPYIVGFYGAFYSDGEISICMEHMDGGSLDQVLKKAGRIPEQILGKVSIAVIKGLTYLREKHKIMHRDVKPSNILVNSRGEIKLCDFGVSGQLIDSMANSFVGTRSYMSPERLQGTHYSVQSDIWSMGLSLVEMAVGRYPIPPPDAKELELMFGCQVEGDAAETPPRPRTPGRPLSSYGMDSRPPMAIFELLDYIVNEPPPKLPSGVFSLEFQDFVNKCLIKNPAERADLKQLMVHAFIKRSDAEEVDFAGWLCSTIGLNQPSTPTHAAGV
Q06187,MAAVILESIFLKRSQQKKKTSPLNFKKRLFLLTVHKLSYYEYDFERGRRGSKKGSIDVEKITCVETVVPEKNPPPERQIPRRGEESSEMEQISIIERFPYPFQVVYDEGPLYVFSPTEELRKRWIHQLKNVIRYNSDLVQKYHPCFWIDGQYLCCSQTAKNAMGCQILENRNGSLKPGSSHRKTKKPLPPTPEEDQILKKPLPPEPAAAPVSTSELKKVVALYDYMPMNANDLQLRKGDEYFILEESNLPWWRARDKNGQEGYIPSNYVTEAEDSIEMYEWYSKHMTRSQAEQLLKQEGKEGGFIVRDSSKAGKYTVSVFAKSTGDPQGVIRHYVVCSTPQSQYYLAEKHLFSTIPELINYHQHNSAGLISRLKYPVSQQNKNAPSTAGLGYGSWEIDPKDLTFLKELGTGQFGVVKYGKWRGQYDVAIKMIKEGSMSEDEFIEEAKVMMNLSHEKLVQLYGVCTKQRPIFIITEYMANGCLLNYLREMRHRFQTQQLLEMCKDVCEAMEYLESKQFLHRDLAARNCLVNDQGVVKVSDFGLSRYVLDDEYTSSVGSKFPVRWSPPEVLMYSKFSSKSDIWAFGVLMWEIYSLGKMPYERFTNSETAEHIAQGLRLYRPHLASEKVYTIMYSCWHEKADERPTFKILLSNILDVMDEES
P52333,MAPPSEETPLIPQRSCSLLSTEAGALHVLLPARGPGPPQRLSFSFGDHLAEDLCVQAAKASGILPVYHSLFALATEDLSCWFPPSHIFSVEDASTQVLLYRIRFYFPNWFGLEKCHRFGLRKDLASAILDLPVLEHLFAQHRSDLVSGRLPVGLSLKEQGECLSLAVLDLARMAREQAQRPGELLKTVSYKACLPPSLRDLIQGLSFVTRRRIRRTVRRALRRVAACQADRHSLMAKYIMDLERLDPAGAAETFHVGLPGALGGHDGLGLLRVAGDGGIAWTQGEQEVLQPFCDFPEIVDISIKQAPRVGPAGEHRLVTVTRTDNQILEAEFPGLPEALSFVALVDGYFRLTTDSQHFFCKEVAPPRLLEEVAEQCHGPITLDFAINKLKTGGSRPGSYVLRRSPQDFDSFLLTVCVQNPLGPDYKGCLIRRSPTGTFLLVGLSRPHSSLRELLATCWDGGLHVDGVAVTLTSCCIPRPKEKSNLIVVQRGHSPPTSSLVQPQSQYQLSQMTFHKIPADSLEWHENLGHGSFTKIYRGCRHEVVDGEARKTEVLLKVMDAKHKNCMESFLEAASLMSQVSYRHLVLLHGVCMAGDSTMVQEFVHLGAIDMYLRKRGHLVPASWKLQVVKQLAYALNYLEDKGLPHGNVSARKVLLAREGADGSPPFIKLSDPGVSPAVLSLEMLTDRIPWVAPECLREAQTLSLEADKWGFGATVWEVFSGVTMPISALDPAKKLQFYEDRQQLPAPKWTELALLIQQCMAYEPVQRPSFRAVIRDLNSLISSDYELLSDPTPGALAPRDGLWNGAQLYACQDPTIFEERHLKYISQLGKGNFGSVELCRYDPLGDNTGALVAVKQLQHSGPDQQRDFQREIQILKALHSDFIVKYRGVSYGPGRQSLRLVMEYLPSGCLRDFLQRHRARLDASRLLLYSSQICKGMEYLGSRRCVHRDLAARNILVESEAHVKIADFGLAKLLPLDKDYYVVREPGQSPIFWYAPESLSDNIFSRQSDVWSFGVVLYELFTYCDKSCSPSAEFLRMMGCERDVPALCRLLELLEEGQRLPAPPACPAEVHELMKLCWAPSPQDRPSFSALGPQLDMLWSGSRGCETHAFTAHPEGKHHSLSFS
Q96S44,MAAARATTPADGEEPAPEAEALAAARERSSRFLSGLELVKQGAEARVFRGRFQGRAAVIKHRFPKGYRHPALEARLGRRRTVQEARALLRCRRAGISAPVVFFVDYASNCLYMEEIEGSVTVRDYIQSTMETEKTPQGLSNLAKTIGQVLARMHDEDLIHGDLTTSNMLLKPPLEQLNIVLIDFGLSFISALPEDKGVDLYVLEKAFLSTHPNTETVFEAFLKSYSTSSKKARPVLKKLDEVRLRGRKRSMVG
Q13164,MAEPLKEEDGEDGSAEPPGPVKAEPAHTAASVAAKNLALLKARSFDVTFDVGDEYEIIETIGNGAYGVVSSARRRLTGQQVAIKKIPNAFDVVTNAKRTLRELKILKHFKHDNIIAIKDILRPTVPYGEFKSVYVVLDLMESDLHQIIHSSQPLTLEHVRYFLYQLLRGLKYMHSAQVIHRDLKPSNLLVNENCELKIGDFGMARGLCTSPAEHQYFMTEYVATRWYRAPELMLSLHEYTQAIDLWSVGCIFGEMLARRQLFPGKNYVHQLQLIMMVLGTPSPAVIQAVGAERVRAYIQSLPPRQPVPWETVYPGADRQALSLLGRMLRFEPSARISAAAALRHPFLAKYHDPDDEPDCAPPFDFAFDREALTRERIKEAIVAEIEDFHARREGIRQQIRFQPSLQPVASEPGCPDVEMPSPWAPSGDCAMESPPPAPPPCPGPAPDTIDLTLQPPPPVSEPAPPKKDGAISDNTKAALKAALLKSLRSRLRDGPSAPLEAPEPRKPVTAQERQREREEKRRRRQERAKEREKRRQERERKERGAGASGGPSTDPLAGLVLSDNDRSLLERWTRMARPAAPALTSVPAPAPAPTPTPTPVQPTSPPPGPVAQPTGPQPQSAGSTSGPVPQPACPPPGPAPHPTGPPGPIPVPAPPQIATSTSLLAAQSLVPPPGLPGSSTPGVLPYFPPGLPPPDAGGAPQSSMSESPDVNLVTQQLSKSQVEDPLPPVFSGTPKGSGAGYGVGFDLEEFLNQSFDMGVADGPQDGQADSASLSASLLADWLEGHGMNPADIESLQREIQMDSPMLLADLPDLQDP
P36888,MPALARDGGQLPLLVVFSAMIFGTITNQDLPVIKCVLINHKNNDSSVGKSSSYPMVSESPEDLGCALRPQSSGTVYEAAAVEVDVSASITLQVLVDAPGNISCLWVFKHSSLNCQPHFDLQNRGVVSMVILKMTETQAGEYLLFIQSEATNYTILFTVSIRNTLLYTLRRPYFRKMENQDALVCISESVPEPIVEWVLCDSQGESCKEESPAVVKKEEKVLHELFGTDIRCCARNELGRECTRLFTIDLNQTPQTTLPQLFLKVGEPLWIRCKAVHVNHGFGLTWELENKALEEGNYFEMSTYSTNRTMIRILFAFVSSVARNDTGYYTCSSSKHPSQSALVTIVEKGFINATNSSEDYEIDQYEEFCFSVRFKAYPQIRCTWTFSRKSFPCEQKGLDNGYSISKFCNHKHQPGEYIFHAENDDAQFTKMFTLNIRRKPQVLAEASASQASCFSDGYPLPSWTWKKCSDKSPNCTEEITEGVWNRKANRKVFGQWVSSSTLNMSEAIKGFLVKCCAYNSLGTSCETILLNSPGPFPFIQDNISFYATIGVCLLFIVVLTLLICHKYKKQFRYESQLQMVQVTGSSDNEYFYVDFREYEYDLKWEFPRENLEFGKVLGSGAFGKVMNATAYGISKTGVSIQVAVKMLKEKADSSEREALMSELKMMTQLGSHENIVNLLGACTLSGPIYLIFEYCCYGDLLNYLRSKREKFHRTWTEIFKEHNFSFYPTFQSHPNSSMPGSREVQIHPDSDQISGLHGNSFHSEDEIEYENQKRLEEEEDLNVLTFEDLLCFAYQVAKGMEFLEFKSCVHRDLAARNVLVTHGKVVKICDFGLARDIMSDSNYVVRGNARLPVKWMAPESLFEGIYTIKSDVWSYGILLWEIFSLGVNPYPGIPVDANFYKLIQNGFKMDQPFYATEEIYIIMQSCWAFDSRKRPSFPNLTSFLGCQLADAEEAMYQNVDGRVSECPHTYQNRRPFSREMDLGLLSPQAQVEDS
Q99683,MSTEADEGITFSVPPFAPSGFCTIPEGGICRRGGAAAVGEGEEHQLPPPPPGSFWNVESAAAPGIGCPAATSSSSATRGRGSSVGGGSRRTTVAYVINEASQGQLVVAESEALQSLREACETVGATLETLHFGKLDFGETTVLDRFYNADIAVVEMSDAFRQPSLFYHLGVRESFSMANNIILYCDTNSDSLQSLKEIICQKNTMCTGNYTFVPYMITPHNKVYCCDSSFMKGLTELMQPNFELLLGPICLPLVDRFIQLLKVAQASSSQYFRESILNDIRKARNLYTGKELAAELARIRQRVDNIEVLTADIVINLLLSYRDIQDYDSIVKLVETLEKLPTFDLASHHHVKFHYAFALNRRNLPGDRAKALDIMIPMVQSEGQVASDMYCLVGRIYKDMFLDSNFTDTESRDHGASWFKKAFESEPTLQSGINYAVLLLAAGHQFESSFELRKVGVKLSSLLGKKGNLEKLQSYWEVGFFLGASVLANDHMRVIQASEKLFKLKTPAWYLKSIVETILIYKHFVKLTTEQPVAKQELVDFWMDFLVEATKTDVTVVRFPVLILEPTKIYQPSYLSINNEVEEKTISIWHVLPDDKKGIHEWNFSASSVRGVSISKFEERCCFLYVLHNSDDFQIYFCTELHCKKFFEMVNTITEEKGRSTEEGDCESDLLEYDYEYDENGDRVVLGKGTYGIVYAGRDLSNQVRIAIKEIPERDSRYSQPLHEEIALHKHLKHKNIVQYLGSFSENGFIKIFMEQVPGGSLSALLRSKWGPLKDNEQTIGFYTKQILEGLKYLHDNQIVHRDIKGDNVLINTYSGVLKISDFGTSKRLAGINPCTETFTGTLQYMAPEIIDKGPRGYGKAADIWSLGCTIIEMATGKPPFYELGEPQAAMFKVGMFKVHPEIPESMSAEAKAFILKCFEPDPDKRACANDLLVDEFLKVSSKKKKTQPKLSALSAGSNEYLRSISLPVPVLVEDTSSSSEYGSVSPDTELKVDPFSFKTRAKSCGERDVKGIRTLFLGIPDENFEDHSAPPSPEEKDSGFFMLRKDSERRATLHRILTEDQDKIVRNLMESLAQGAEEPKLKWEHITTLIASLREFVRSTDRKIIATTLSKLKLELDFDSHGISQVQVVLFGFQDAVNKVLRNHNIKPHWMFALDSIIRKAVQTAITILVPELRPHFSLASESDTADQEDLDVEDDHEEQPSNQTVRRPQAVIEDAVATSGVSTLSSTVSHDSQSAHRSLNVQLGRMKIETNRLLEELVRKEKELQALLHRAIEEKDQEIKHLKLKSQPIEIPELPVFHLNSSGTNTEDSELTDWLRVNGADEDTISRFLAEDYTLLDVLYYVTRDDLKCLRLRGGMLCTLWKAIIDFRNKQT
P00519,MLEICLKLVGCKSKKGLSSSSSCYLEEALQRPVASDFEPQGLSEAARWNSKENLLAGPSENDPNLFVALYDFVASGDNTLSITKGEKLRVLGYNHNGEWCEAQTKNGQGWVPSNYITPVNSLEKHSWYHGPVSRNAAEYLLSSGINGSFLVRESESSPGQRSISLRYEGRVYHYRINTASDGKLYVSSESRFNTLAELVHHHSTVADGLITTLHYPAPKRNKPTVYGVSPNYDKWEMERTDITMKHKLGGGQYGEVYEGVWKKYSLTVAVKTLKEDTMEVEEFLKEAAVMKEIKHPNLVQLLGVCTREPPFYIITEFMTYGNLLDYLRECNRQEVNAVVLLYMATQISSAMEYLEKKNFIHRDLAARNCLVGENHLVKVADFGLSRLMTGDTYTAHAGAKFPIKWTAPESLAYNKFSIKSDVWAFGVLLWEIATYGMSPYPGIDLSQVYELLEKDYRMERPEGCPEKVYELMRACWQWNPSDRPSFAEIHQAFETMFQESSISDEVEKELGKQGVRGAVSTLLQAPELPTKTRTSRRAAEHRDTTDVPEMPHSKGQGESDPLDHEPAVSPLLPRKERGPPEGGLNEDERLLPKDKKTNLFSALIKKKKKTAPTPPKRSSSFREMDGQPERRGAGEEEGRDISNGALAFTPLDTADPAKSPKPSNGAGVPNGALRESGGSGFRSPHLWKKSSTLTSSRLATGEEEGGGSSSKRFLRSCSASCVPHGAKDTEWRSVTLPRDLQSTGRQFDSSTFGGHKSEKPALPRKRAGENRSDQVTRGTVTPPPRLVKKNEEAADEVFKDIMESSPGSSPPNLTPKPLRRQVTVAPASGLPHKEEAGKGSALGTPAAAEPVTPTSKAGSGAPGGTSKGPAEESRVRRHKHSSESPGRDKGKLSRLKPAPPPPPAASAGKAGGKPSQSPSQEAAGEAVLGAKTKATSLVDAVNSDAAKPSQPGEGLKKPVLPATPKPQSAKPSGTPISPAPVPSTLPSASSALAGDQPSSTAFIPLISTRVSLRKTRQPPERIASGAITKGVVLDSTEALCLAISRNSEQMASHSAVLEAGKNLYTFCVSYVDSIQQMRNKFAFREAINKLENNLRELQICPATAGSGPAATQDFSKLLSSVKEISDIVQR
Q96KB5,MEGISNFKTPSKLSEKKKSVLCSTPTINIPASPFMQKLGFGTGVNVYLMKRSPRGLSHSPWAVKKINPICNDHYRSVYQKRLMDEAKILKSLHHPNIVGYRAFTEANDGSLCLAMEYGGEKSLNDLIEERYKASQDPFPAAIILKVALNMARGLKYLHQEKKLLHGDIKSSNVVIKGDFETIKICDVGVSLPLDENMTVTDPEACYIGTEPWKPKEAVEENGVITDKADIFAFGLTLWEMMTLSIPHINLSNDDDDEDKTFDESDFDDEAYYAALGTRPPINMEELDESYQKVIELFSVCTNEDPKDRPSAAHIVEALETDV
Q9UF33,MGGCEVREFLLQFGFFLPLLTAWPGDCSHVSNNQVVLLDTTTVLGELGWKTYPLNGWDAITEMDEHNRPIHTYQVCNVMEPNQNNWLRTNWISRDAAQKIYVEMKFTLRDCNSIPWVLGTCKETFNLFYMESDESHGIKFKPNQYTKIDTIAADESFTQMDLGDRILKLNTEIREVGPIERKGFYLAFQDIGACIALVSVRVFYKKCPFTVRNLAMFPDTIPRVDSSSLVEVRGSCVKSAEERDTPKLYCGADGDWLVPLGRCICSTGYEEIEGSCHACRPGFYKAFAGNTKCSKCPPHSLTYMEATSVCQCEKGYFRAEKDPPSMACTRPPSAPRNVVFNINETALILEWSPPSDTGGRKDLTYSVICKKCGLDTSQCEDCGGGLRFIPRHTGLINNSVIVLDFVSHVNYTFEIEAMNGVSELSFSPKPFTAITVTTDQDAPSLIGVVRKDWASQNSIALSWQAPAFSNGAILDYEIKYYEKEHEQLTYSSTRSKAPSVIITGLKPATKYVFHIRVRTATGYSGYSQKFEFETGDETSDMAAEQGQILVIATAAVGGFTLLVILTLFFLITGRCQWYIKAKMKSEEKRRNHLQNGHLRFPGIKTYIDPDTYEDPSLAVHEFAKEIDPSRIRIERVIGAGEFGEVCSGRLKTPGKREIPVAIKTLKGGHMDRQRRDFLREASIMGQFDHPNIIRLEGVVTKRSFPAIGVEAFCPSFLRAGFLNSIQAPHPVPGGGSLPPRIPAGRPVMIVVEYMENGSLDSFLRKHDGHFTVIQLVGMLRGIASGMKYLSDMGYVHRDLAARNILVNSNLVCKVSDFGLSRVLEDDPEAAYTTTGGKIPIRWTAPEAIAYRKFSSASDAWSYGIVMWEVMSYGERPYWEMSNQDVILSIEEGYRLPAPMGCPASLHQLMLHCWQKERNHRPKFTDIVSFLDKLIRNPSALHTLVEDILVMPESPGEVPEYPLFVTVGDWLDSIKMGQYKNNFVAAGFTTFDLISRMSIDDIRRIGVILIGHQRRIVSSIQTLRLHMMHIQEKGFHV
O15146,MRELVNIPLVHILTLVAFSGTEKLPKAPVITTPLETVDALVEEVATFMCAVESYPQPEISWTRNKILIKLFDTRYSIRENGQLLTILSVEDSDDGIYCCTANNGVGGAVESCGALQVKMKPKITRPPINVKIIEGLKAVLPCTTMGNPKPSVSWIKGDSPLRENSRIAVLESGSLRIHNVQKEDAGQYRCVAKNSLGTAYSKVVKLEVEVFARILRAPESHNVTFGSFVTLHCTATGIPVPTITWIENGNAVSSGSIQESVKDRVIDSRLQLFITKPGLYTCIATNKHGEKFSTAKAAATISIAEWSKPQKDNKGYCAQYRGEVCNAVLAKDALVFLNTSYADPEEAQELLVHTAWNELKVVSPVCRPAAEALLCNHIFQECSPGVVPTPIPICREYCLAVKELFCAKEWLVMEEKTHRGLYRSEMHLLSVPECSKLPSMHWDPTACARLPHLDYNKENLKTFPPMTSSKPSVDIPNLPSSSSSSFSVSPTYSMTVIISIMSSFAIFVLLTITTLYCCRRRKQWKNKKRESAAVTLTTLPSELLLDRLHPNPMYQRMPLLLNPKLLSLEYPRNNIEYVRDIGEGAFGRVFQARAPGLLPYEPFTMVAVKMLKEEASADMQADFQREAALMAEFDNPNIVKLLGVCAVGKPMCLLFEYMAYGDLNEFLRSMSPHTVCSLSHSDLSMRAQVSSPGPPPLSCAEQLCIARQVAAGMAYLSERKFVHRDLATRNCLVGENMVVKIADFGLSRNIYSADYYKANENDAIPIRWMPPESIFYNRYTTESDVWAYGVVLWEIFSYGLQPYYGMAHEEVIYYVRDGNILSCPENCPVELYNLMRLCWSKLPADRPSFTSIHRILERMCERAEGTVSV
P51617,MAGGPGPGEPAAPGAQHFLYEVPPWVMCRFYKVMDALEPADWCQFAALIVRDQTELRLCERSGQRTASVLWPWINRNARVADLVHILTHLQLLRARDIITAWHPPAPLPSPGTTAPRPSSIPAPAEAEAWSPRKLPSSASTFLSPAFPGSQTHSGPELGLVPSPASLWPPPPSPAPSSTKPGPESSVSLLQGARPFPFCWPLCEISRGTHNFSEELKIGEGGFGCVYRAVMRNTVYAVKRLKENADLEWTAVKQSFLTEVEQLSRFRHPNIVDFAGYCAQNGFYCLVYGFLPNGSLEDRLHCQTQACPPLSWPQRLDILLGTARAIQFLHQDSPSLIHGDIKSSNVLLDERLTPKLGDFGLARFSRFAGSSPSQSSMVARTQTVRGTLAYLPEEYIKTGRLAVDTDTFSFGVVVLETLAGQRAVKTHGARTKYLKDLVEEEAEEAGVALRSTQSTLQAGLAADAWAAPIAMQIYKKHLDPRPGPCPPELGLGLGQLACCCLHRRAKRRPPMTQVYERLEKLQAVVAGVPGHSEAASCIPPSPQENSYVSSTGRAHSGAAPWQPLAAPSGASAQAAEQLQRGPNQPVESDESLGGLSAALRSWHLTPSCPLDPAPLREAGCPQGDTAGESSWGSGPGSRPTAVEGLALGSSASSSSEPPQIIINPARQKMVQKLALYEDGALDSLQLLSSSSLPGLGLEQDRQGPEESDEFQS
Q96PY6,MEKYVRLQKIGEGSFGKAILVKSTEDGRQYVIKEINISRMSSKEREESRREVAVLANMKHPNIVQYRESFEENGSLYIVMDYCEGGDLFKRINAQKGVLFQEDQILDWFVQICLALKHVHDRKILHRDIKSQNIFLTKDGTVQLGDFGIARVLNSTVELARTCIGTPYYLSPEICENKPYNNKSDIWALGCVLYELCTLKHAFEAGSMKNLVLKIISGSFPPVSLHYSYDLRSLVSQLFKRNPRDRPSVNSILEKGFIAKRIEKFLSPQLIAEEFCLKTFSKFGSQPIPAKRPASGQNSISVMPAQKITKPAAKYGIPLAYKKYGDKKLHEKKPLQKHKQAHQTPEKRVNTGEERRKISEEAARKRRLEFIEKEKKQKDQIISLMKAEQMKRQEKERLERINRAREQGWRNVLSAGGSGEVKAPFLGSGGTIAPSSFSSRGQYEHYHAIFDQMQQQRAEDNEAKWKREIYGRGLPERGILPGVRPGFPYGAAGHHHFPDADDIRKTLKRLKAVSKQANANRQKGQLAVERAKQVEEFLQRKREAMQNKARAEGHMVYLARLRQIRLQNFNERQQIKAKLRGEKKEANHSEGQEGSEEADMRRKKIESLKAHANARAAVLKEQLERKRKEAYEREKKVWEEHLVAKGVKSSDVSPPLGQHETGGSPSKQQMRSVISVTSALKEVGVDSSLTDTRETSEEMQKTNNAISSKREILRRLNENLKAQEDEKGKQNLSDTFEINVHEDAKEHEKEKSVSSDRKKWEAGGQLVIPLDELTLDTSFSTTERHTVGEVIKLGPNGSPRRAWGKSPTDSVLKILGEAELQLQTELLENTTIRSEISPEGEKYKPLITGEKKVQCISHEINPSAIVDSPVETKSPEFSEASPQMSLKLEGNLEEPDDLETEILQEPSGTNKDESLPCTITDVWISEEKETKETQSADRITIQENEVSEDGVSSTVDQLSDIHIEPGTNDSQHSKCDVDKSVQPEPFFHKVVHSEHLNLVPQVQSVQCSPEESFAFRSHSHLPPKNKNKNSLLIGLSTGLFDANNPKMLRTCSLPDLSKLFRTLMDVPTVGDVRQDNLEIDEIEDENIKEGPSDSEDIVFEETDTDLQELQASMEQLLREQPGEEYSEEEESVLKNSDVEPTANGTDVADEDDNPSSESALNEEWHSDNSDGEIASECECDSVFNHLEELRLHLEQEMGFEKFFEVYEKIKAIHEDEDENIEICSKIVQNILGNEHQHLYAKILHLVMADGAYQEDNDE
Q13470,MLPEAGSLWLLKLLRDIQLAQFYWPILEELNVTRPEHFDFVKPEDLDGIGMGRPAQRRLSEALKRLRSGPKSKNWVYKILGGFAPEHKEPTLPSDSPRHLPEPEGGLKCLIPEGAVCRGELLGSGCFGVVHRGLWTLPSGKSVPVAVKSLRVGPEGPMGTELGDFLREVSVMMNLEHPHVLRLHGLVLGQPLQMVMELAPLGSLHARLTAPAPTPPLLVALLCLFLRQLAGAMAYLGARGLVHRDLATRNLLLASPRTIKVADFGLVRPLGGARGRYVMGGPRPIPYAWCAPESLRHGAFSSASDVWMFGVTLWEMFSGGEEPWAGVPPYLILQRLEDRARLPRPPLCSRALYSLALRCWAPHPADRPSFSHLEGLLQEAGPSEACCVRDVTEPGALRMETGDPITVIEGSSSFHSPDSTIWKGQNGRTFKVGSFPASAVTLADAGGLPATRPVHRGTPARGDQHPGSIDGDRKKANLWDAPPARGQRRNMPLERMKGISRSLESVLSLGPRPTGGGSSPPEIRQARAVPQGPPGLPPRPPLSSSSPQPSQPSRERLPWPKRKPPHNHPMGMPGARKAAALSGGLLSDPELQRKIMEVELSVHGVTHQECQTALGATGGDVVSAIRNLKVDQLFHLSSRSRADCWRILEHYQWDLSAASRYVLARP
O43318,MSTASAASSSSSSSAGEMIEAPSQVLNFEEIDYKEIEVEEVVGRGAFGVVCKAKWRAKDVAIKQIESESERKAFIVELRQLSRVNHPNIVKLYGACLNPVCLVMEYAEGGSLYNVLHGAEPLPYYTAAHAMSWCLQCSQGVAYLHSMQPKALIHRDLKPPNLLLVAGGTVLKICDFGTACDIQTHMTNNKGSAAWMAPEVFEGSNYSEKCDVFSWGIILWEVITRRKPFDEIGGPAFRIMWAVHNGTRPPLIKNLPKPIESLMTRCWSKDPSQRPSMEEIVKIMTHLMRYFPGADEPLQYPCQYSDEGQSNSATSTGSFMDIASTNTSNKSDTNMEQVPATNDTIKRLESKLLKNQAKQQSESGRLSLGASRGSSVESLPPTSEGKRMSADMSEIEARIAATTAYSKPKRGHRKTASFGNILDVPEIVISGNGQPRRRSIQDLTVTGTEPGQVSSRSSSPSVRMITTSGPTSEKPTRSHPWTPDDSTDTNGSDNSIPMAYLTLDHQLQPLAPCPNSKESMAVFEQHCKMAQEYMKVQTEIALLLQRKQELVAELDQDEKDQQNTSRLVQEHKKLLDENKSLSTYYQQCKKQLEVIRSQQQKRQGTS
Q04912,MELLPPLPQSFLLLLLLPAKPAAGEDWQCPRTPYAASRDFDVKYVVPSFSAGGLVQAMVTYEGDRNESAVFVAIRNRLHVLGPDLKSVQSLATGPAGDPGCQTCAACGPGPHGPPGDTDTKVLVLDPALPALVSCGSSLQGRCFLHDLEPQGTAVHLAAPACLFSAHHNRPDDCPDCVASPLGTRVTVVEQGQASYFYVASSLDAAVAASFSPRSVSIRRLKADASGFAPGFVALSVLPKHLVSYSIEYVHSFHTGAFVYFLTVQPASVTDDPSALHTRLARLSATEPELGDYRELVLDCRFAPKRRRRGAPEGGQPYPVLRVAHSAPVGAQLATELSIAEGQEVLFGVFVTGKDGGPGVGPNSVVCAFPIDLLDTLIDEGVERCCESPVHPGLRRGLDFFQSPSFCPNPPGLEALSPNTSCRHFPLLVSSSFSRVDLFNGLLGPVQVTALYVTRLDNVTVAHMGTMDGRILQVELVRSLNYLLYVSNFSLGDSGQPVQRDVSRLGDHLLFASGDQVFQVPIQGPGCRHFLTCGRCLRAWHFMGCGWCGNMCGQQKECPGSWQQDHCPPKLTEFHPHSGPLRGSTRLTLCGSNFYLHPSGLVPEGTHQVTVGQSPCRPLPKDSSKLRPVPRKDFVEEFECELEPLGTQAVGPTNVSLTVTNMPPGKHFRVDGTSVLRGFSFMEPVLIAVQPLFGPRAGGTCLTLEGQSLSVGTSRAVLVNGTECLLARVSEGQLLCATPPGATVASVPLSLQVGGAQVPGSWTFQYREDPVVLSISPNCGYINSHITICGQHLTSAWHLVLSFHDGLRAVESRCERQLPEQQLCRLPEYVVRDPQGWVAGNLSARGDGAAGFTLPGFRFLPPPHPPSANLVPLKPEEHAIKFEYIGLGAVADCVGINVTVGGESCQHEFRGDMVVCPLPPSLQLGQDGAPLQVCVDGECHILGRVVRPGPDGVPQSTLLGILLPLLLLVAALATALVFSYWWRRKQLVLPPNLNDLASLDQTAGATPLPILYSGSDYRSGLALPAIDGLDSTTCVHGASFSDSEDESCVPLLRKESIQLRDLDSALLAEVKDVLIPHERVVTHSDRVIGKGHFGVVYHGEYIDQAQNRIQCAIKSLSRITEMQQVEAFLREGLLMRGLNHPNVLALIGIMLPPEGLPHVLLPYMCHGDLLQFIRSPQRNPTVKDLISFGLQVARGMEYLAEQKFVHRDLAARNCMLDESFTVKVADFGLARDILDREYYSVQQHRHARLPVKWMALESLQTYRFTTKSDVWSFGVLLWELLTRGAPPYRHIDPFDLTHFLAQGRRLPQPEYCPDSLYQVMQQCWEADPAVRPTFRVLVGEVEQIVSALLGDHYVQLPATYMNLGPSTSHEMNVRPEQPQFSPMPGNVRRPRPLSEPPRPT
